Filename,Tier,Service Pillar,Word Count,Confidence Score,Cannibalization Risk,Action Items
5-essential-features-every-mlm-software-must-have-to-succeed,CLUSTER,MLM_SOFTWARE,741,20,LOW,Expand from 741 to 1200 words
advanced-features-in-recharge-mlm-software-streamlining-success,CLUSTER,MLM_SOFTWARE,806,20,LOW,Expand from 806 to 1200 words
advanced-mlm-software-solutions-revolutionizing-business-operations,CLUSTER,MLM_SOFTWARE,612,19,LOW,Expand from 612 to 1200 words
advanced-mlm-software-solutions-transforming-marketing-strategies-with-cutting-edge-technology,CLUSTER,MLM_SOFTWARE,997,27,LOW,Expand from 997 to 1200 words
affordable-binary-mlm-solutions-strategies-for-success,CLUSTER,MLM_SOFTWARE,736,9,LOW,Expand from 736 to 1200 words
affordable-board-plan-mlm-software-making-smart-business-decisions,CLUSTER,MLM_SOFTWARE,584,18,LOW,Expand from 584 to 1200 words
affordable-bucket-software-a-comprehensive-guide-for-modern-business,CLUSTER,MLM_SOFTWARE,664,0,LOW,Expand from 664 to 1200 words
affordable-bucket-software-a-comprehensive-guide-for-modern-businesses,CLUSTER,MLM_SOFTWARE,664,0,LOW,Expand from 664 to 1200 words
affordable-e-commerce-development-costs-a-comprehensive-guide,CLUSTER,WEB_MOBILE,775,14,LOW,Expand from 775 to 1200 words
affordable-professional-website-design-balancing-quality-and-cost,CLUSTER,WEB_MOBILE,771,9,LOW,Expand from 771 to 1200 words
affordable-repurchase-plan-mlm-software-streamlining-success-for-c-level-executives,CLUSTER,MLM_SOFTWARE,932,39,LOW,Expand from 932 to 1200 words
affordable-single-leg-mlm-software-a-comprehensive-guide,CLUSTER,MLM_SOFTWARE,653,8,LOW,Expand from 653 to 1200 words
ai-agent-ecosystems-understanding-multi-agent-systems-and-co,CLUSTER,AI_INTELLIGENCE,643,6,LOW,Expand from 643 to 1200 words
ai-development-and-robotics-expert-solutions-for-home-innovation,CLUSTER,AI_INTELLIGENCE,739,9,LOW,Expand from 739 to 1200 words
ai-implementation-best-practices-for-business-transformation,CLUSTER,AI_INTELLIGENCE,673,3,LOW,Expand from 673 to 1200 words
ai-risk-management-ensuring-robust-and-ethical-ai-implementation,CLUSTER,AI_INTELLIGENCE,500,1,LOW,Expand from 500 to 1200 words
ai-workshops-for-teams-unlocking-success-in-a-modern-business-landscape,CLUSTER,AI_INTELLIGENCE,870,2,LOW,Expand from 870 to 1200 words
analytics-dashboards-the-key-to-unlocking-mlm-business-success,CLUSTER,MLM_SOFTWARE,758,3,LOW,Expand from 758 to 1200 words
analytics-tools-for-spillover-software-enhancing-mlm-business-efficiency,CLUSTER,MLM_SOFTWARE,752,1,LOW,Expand from 752 to 1200 words
api-integration-for-seamless-donations-enhancing-nonprofit-efficiency,CLUSTER,MLM_SOFTWARE,1028,0,LOW,Expand from 1028 to 1200 words
app-development-services-in-moradabad-unlocking-innovation-potential,CLUSTER,AI_INTELLIGENCE,457,1,LOW,Expand from 457 to 1200 words
auditing-smart-contracts-a-comprehensive-guide-for-mlm-businesses,CLUSTER,BLOCKCHAIN_WEB3,759,2,LOW,Expand from 759 to 1200 words
balancing-act-navigating-ai-development-with-ethical-considerations,CLUSTER,AI_INTELLIGENCE,744,12,LOW,Expand from 744 to 1200 words
best-ai-tools-for-marketing-a-comprehensive-guide,CLUSTER,AI_INTELLIGENCE,1048,4,LOW,Expand from 1048 to 1200 words
best-bucket-help-plan-software-streamline-your-sales-strategy,CLUSTER,MLM_SOFTWARE,803,0,LOW,Expand from 803 to 1200 words
best-donation-plan-mlm-software-a-comprehensive-guide,CLUSTER,MLM_SOFTWARE,808,37,LOW,Expand from 808 to 1200 words
best-donation-plan-mlm-software-streamlining-contributions-for-growth,CLUSTER,MLM_SOFTWARE,471,18,LOW,Expand from 471 to 1200 words
best-providers-of-spillover-binary-software-a-comprehensive-guide,CLUSTER,MLM_SOFTWARE,658,1,LOW,Expand from 658 to 1200 words
best-real-estate-mlm-software-streamlining-your-business-operations,CLUSTER,MLM_SOFTWARE,666,20,LOW,Expand from 666 to 1200 words
best-repurchase-plan-mlm-software-solutions,CLUSTER,MLM_SOFTWARE,431,22,LOW,Expand from 431 to 1200 words
best-repurchase-plan-mlm-software-streamlining-subscription-management,CLUSTER,MLM_SOFTWARE,617,23,LOW,Expand from 617 to 1200 words
best-single-leg-mlm-software-a-comprehensive-guide,CLUSTER,MLM_SOFTWARE,442,9,LOW,Expand from 442 to 1200 words
best-software-development-companies-in-moradabad-a-comprehensive-guide,CLUSTER,WEB_MOBILE,593,2,LOW,Expand from 593 to 1200 words
best-unilevel-mlm-software-providers-a-comprehensive-guide,CLUSTER,MLM_SOFTWARE,844,22,LOW,Expand from 844 to 1200 words
binary-mlm-software-solutions-features-integration-success-s,CLUSTER,MLM_SOFTWARE,656,18,LOW,Expand from 656 to 1200 words
binary-mlm-software-solutions,CLUSTER,MLM_SOFTWARE,1010,29,LOW,Expand from 1010 to 1200 words
bitcoin-mlm-software-features-benefits-best-solutions,CLUSTER,MLM_SOFTWARE,740,21,LOW,Expand from 740 to 1200 words
board-plan-mlm-software-eifasoft,CLUSTER,MLM_SOFTWARE,601,37,LOW,Expand from 601 to 1200 words
bucket-help-plan-mlm-software-your-comprehensive-guide,CLUSTER,MLM_SOFTWARE,620,12,LOW,Expand from 620 to 1200 words
building-a-robust-cryptocurrency-exchange-key-considerations-for-success,CLUSTER,WEB_MOBILE,1013,2,LOW,Expand from 1013 to 1200 words
building-a-secure-and-scalable-cryptocurrency-exchange-key-considerations-for-success,CLUSTER,BLOCKCHAIN_WEB3,924,6,LOW,Expand from 924 to 1200 words
building-trustworthy-ai-agents-a-comprehensive-guide,CLUSTER,AI_INTELLIGENCE,527,8,LOW,Expand from 527 to 1200 words
cheap-affordable-mlm-software-everything-you-need-to-know,CLUSTER,MLM_SOFTWARE,741,19,LOW,Expand from 741 to 1200 words
cheap-bitcoin-mlm-software-options-finding-the-right-solution,CLUSTER,MLM_SOFTWARE,519,16,LOW,Expand from 519 to 1200 words
choosing-budget-friendly-mlm-platforms-a-comprehensive-guide,CLUSTER,MLM_SOFTWARE,876,2,LOW,Expand from 876 to 1200 words
choosing-cost-effective-mlm-solutions-a-strategic-approach-for-ctos-and-decision-makers,CLUSTER,MLM_SOFTWARE,926,8,LOW,Expand from 926 to 1200 words
choosing-reliable-matrix-mlm-providers-a-comprehensive-guide-for-technology-decision-makers,CLUSTER,MLM_SOFTWARE,644,2,LOW,Expand from 644 to 1200 words
choosing-the-right-ai-development-partner-for-your-business,CLUSTER,AI_INTELLIGENCE,864,23,LOW,Expand from 864 to 1200 words
choosing-the-right-e-commerce-solution-for-your-business,CLUSTER,MLM_SOFTWARE,511,0,LOW,Expand from 511 to 1200 words
choosing-the-right-e-commerce-solutions-a-comprehensive-guide-for-ctos-and-tech-decision-makers,CLUSTER,MLM_SOFTWARE,715,0,LOW,Expand from 715 to 1200 words
choosing-the-right-generation-plan-mlm-software-features-benefits-and-implementation-best-practices,CLUSTER,MLM_SOFTWARE,586,7,LOW,Expand from 586 to 1200 words
choosing-the-right-member-matching-mlm-software-a-comprehensive-guide,CLUSTER,MLM_SOFTWARE,743,9,LOW,Expand from 743 to 1200 words
choosing-the-right-mlm-platform-the-importance-of-reporting-tools-in-your-business-strategy,CLUSTER,MLM_SOFTWARE,699,1,LOW,Expand from 699 to 1200 words
choosing-the-right-mlm-software-a-comprehensive-guide-for-c-level-executives,CLUSTER,MLM_SOFTWARE,1228,20,LOW,
choosing-the-right-mlm-software-a-comprehensive-guide-for-modern-businesses,CLUSTER,MLM_SOFTWARE,601,17,LOW,Expand from 601 to 1200 words
choosing-the-right-mlm-software-a-comprehensive-guide-to-streamlining-your-business-operations,CLUSTER,MLM_SOFTWARE,880,20,LOW,Expand from 880 to 1200 words
choosing-the-right-mlm-software-a-comprehensive-guide,CLUSTER,MLM_SOFTWARE,1178,31,LOW,Expand from 1178 to 1200 words
choosing-the-right-mlm-software-a-cost-comparison-guide-for-ctos-and-technology-decision-makers,CLUSTER,MLM_SOFTWARE,592,11,LOW,Expand from 592 to 1200 words
choosing-the-right-mlm-software-development-company-a-comprehensive-guide-for-ctos-and-tech-decision-makers,CLUSTER,MLM_SOFTWARE,697,15,LOW,Expand from 697 to 1200 words
choosing-the-right-mlm-software-development-company-a-comprehensive-guide,CLUSTER,MLM_SOFTWARE,576,15,LOW,Expand from 576 to 1200 words
choosing-the-right-mlm-software-development-partner-a-comprehensive-guide,CLUSTER,MLM_SOFTWARE,845,21,LOW,Expand from 845 to 1200 words
choosing-the-right-mlm-software-development-partner-for-your-business-needs,CLUSTER,MLM_SOFTWARE,1010,23,LOW,Expand from 1010 to 1200 words
choosing-the-right-mlm-software-development-partner-key-considerations-for-success,CLUSTER,MLM_SOFTWARE,1086,22,LOW,Expand from 1086 to 1200 words
choosing-the-right-mlm-software-development-partner-why-expertise-matters,CLUSTER,MLM_SOFTWARE,854,25,LOW,Expand from 854 to 1200 words
choosing-the-right-mlm-software-for-your-business-needs,CLUSTER,MLM_SOFTWARE,669,23,LOW,Expand from 669 to 1200 words
choosing-the-right-mobile-app-development-services-for-your-business-needs,CLUSTER,WEB_MOBILE,1448,25,LOW,
choosing-the-right-mobile-application-development-strategy-for-your-business-success,CLUSTER,WEB_MOBILE,1248,3,LOW,
choosing-the-right-php-hosting-a-comprehensive-guide,CLUSTER,MLM_SOFTWARE,1000,1,LOW,Expand from 1000 to 1200 words
choosing-the-right-tron-mlm-software-provider-for-your-business-needs,CLUSTER,MLM_SOFTWARE,978,16,LOW,Expand from 978 to 1200 words
complete-guide-to-unilevel-plan-mlm-software-solutions,CLUSTER,MLM_SOFTWARE,549,31,LOW,Expand from 549 to 1200 words
compliant-mlm-software-solutions-ensuring-legal-and-ethical-business-practices,CLUSTER,MLM_SOFTWARE,691,15,LOW,Expand from 691 to 1200 words
comprehensive-digital-marketing-services-for-business-growth,CLUSTER,ENTERPRISE_SOLUTIONS,952,8,LOW,Expand from 952 to 1200 words
comprehensive-guide-to-ai-services-and-solutions-eifasoft-technologies,CLUSTER,AI_INTELLIGENCE,708,4,LOW,Expand from 708 to 1200 words
comprehensive-guide-to-choosing-the-best-mlm-platform-for-your-business,CLUSTER,MLM_SOFTWARE,697,2,LOW,Expand from 697 to 1200 words
comprehensive-guide-to-effective-keyword-research-and-content-development,CLUSTER,WEB_MOBILE,713,2,LOW,Expand from 713 to 1200 words
cost-analysis-of-repurchase-plan-tools-a-comprehensive-guide,CLUSTER,MLM_SOFTWARE,854,26,LOW,Expand from 854 to 1200 words
crafting-a-robust-roi-plan-for-your-technology-investments,CLUSTER,ENTERPRISE_SOLUTIONS,910,1,LOW,Expand from 910 to 1200 words
crypto-trading-guide-for-beginners-a-comprehensive-step-by-step-approach,CLUSTER,MLM_SOFTWARE,1421,0,LOW,
cryptocurrency-exchange-development-a-comprehensive-guide-to-building-a-secure-and-scalable-trading-platform,CLUSTER,MLM_SOFTWARE,679,0,LOW,Expand from 679 to 1200 words
cryptocurrency-exchange-development-a-comprehensive-guide,CLUSTER,BLOCKCHAIN_WEB3,1045,3,LOW,Expand from 1045 to 1200 words
custom-ai-solutions-tailored-for-your-business-needs,CLUSTER,AI_INTELLIGENCE,1054,2,LOW,Expand from 1054 to 1200 words
custom-bitcoin-mlm-software-revolutionizing-modern-transactions,CLUSTER,MLM_SOFTWARE,957,17,LOW,Expand from 957 to 1200 words
custom-development-of-spillover-systems-a-comprehensive-guide,CLUSTER,MLM_SOFTWARE,1168,33,LOW,Expand from 1168 to 1200 words
custom-mlm-app-development-a-comprehensive-guide,CLUSTER,MLM_SOFTWARE,795,1,LOW,Expand from 795 to 1200 words
custom-single-leg-mlm-software-development-revolutionizing-your-business-operations,CLUSTER,MLM_SOFTWARE,780,16,LOW,Expand from 780 to 1200 words
custom-software-development-services-in-moradabad-tailored-solutions-for-modern-businesses,CLUSTER,MLM_SOFTWARE,909,0,LOW,Expand from 909 to 1200 words
customizable-repurchase-plan-mlm-software-revolutionizing-business-strategies,CLUSTER,MLM_SOFTWARE,787,42,LOW,Expand from 787 to 1200 words
customizable-stair-step-mlm-features-revolutionizing-commission-structures,CLUSTER,MLM_SOFTWARE,673,2,LOW,Expand from 673 to 1200 words
cybersecurity-compliance-why-its-non-negotiable-for-your-business,CLUSTER,MLM_SOFTWARE,946,0,LOW,Expand from 946 to 1200 words
develop-secure-and-scalable-mlm-software-a-comprehensive-guide-for-ctos,CLUSTER,MLM_SOFTWARE,998,19,LOW,Expand from 998 to 1200 words
developing-a-professional-cryptocurrency-trading-platform-a-comprehensive-guide,CLUSTER,MLM_SOFTWARE,1103,0,LOW,Expand from 1103 to 1200 words
developing-a-robust-mlm-software-solution-key-considerations-for-success,CLUSTER,MLM_SOFTWARE,851,11,LOW,Expand from 851 to 1200 words
developing-robust-mlm-software-with-custom-compensation-plan,CLUSTER,MLM_SOFTWARE,652,20,LOW,Expand from 652 to 1200 words
developing-robust-mlm-software-with-custom-compensation-plans,CLUSTER,MLM_SOFTWARE,652,20,LOW,Expand from 652 to 1200 words
digital-marketing-services-a-comprehensive-guide-to-boosting-your-business-presence,CLUSTER,ENTERPRISE_SOLUTIONS,686,7,LOW,Expand from 686 to 1200 words
digital-marketing-strategies-for-modern-businesses-a-comprehensive-guide,CLUSTER,MLM_SOFTWARE,435,0,LOW,Expand from 435 to 1200 words
e-commerce-development-company-eifasoft-comprehensive-solutions-services,CLUSTER,WEB_MOBILE,687,15,LOW,Expand from 687 to 1200 words
e-commerce-development-unlocking-business-potential-through-innovation,CLUSTER,WEB_MOBILE,694,13,LOW,Expand from 694 to 1200 words
e-commerce-website-design-tailoring-your-online-store-for-success-in-moradabad,CLUSTER,WEB_MOBILE,609,4,LOW,Expand from 609 to 1200 words
easy-to-use-mlm-software-the-key-to-streamlining-your-business-operations,CLUSTER,MLM_SOFTWARE,536,16,LOW,Expand from 536 to 1200 words
ecommerce-website-optimization-enhancing-performance-and-user-experience,CLUSTER,MLM_SOFTWARE,729,0,LOW,Expand from 729 to 1200 words
elevating-business-efficiency-tailored-solution-for-modern-challenge,CLUSTER,AI_INTELLIGENCE,533,12,LOW,Expand from 533 to 1200 words
elevating-business-efficiency-tailored-solutions-for-modern-challenges,CLUSTER,AI_INTELLIGENCE,533,12,LOW,Expand from 533 to 1200 words
elevating-business-efficiency-with-custom-ai-solutions-eifasofts-robotic-programming-and-software-development-expertise,CLUSTER,AI_INTELLIGENCE,1098,11,LOW,Expand from 1098 to 1200 words
embracing-ai-integration-challenges-solutions-and-future-trends,CLUSTER,AI_INTELLIGENCE,634,2,LOW,Expand from 634 to 1200 words
embracing-innovation-in-mlm-software-development-a-comprehensive-guide,CLUSTER,MLM_SOFTWARE,714,23,LOW,Expand from 714 to 1200 words
end-to-end-development-a-comprehensive-guide-for-tech-leaders,CLUSTER,WEB_MOBILE,743,2,LOW,Expand from 743 to 1200 words
enhancing-business-efficiency-with-ai-and-robotic-programming-services,CLUSTER,AI_INTELLIGENCE,865,5,LOW,Expand from 865 to 1200 words
enhancing-e-commerce-security-best-practices-for-protecting-your-online-store,CLUSTER,MLM_SOFTWARE,836,0,LOW,Expand from 836 to 1200 words
enhancing-problem-solving-the-role-of-critical-thinking-in-modern-business,CLUSTER,AI_INTELLIGENCE,1028,1,LOW,Expand from 1028 to 1200 words
enhancing-security-in-mlm-software-development-protecting-sensitive-data-and-ensuring-compliance,CLUSTER,MLM_SOFTWARE,707,12,LOW,Expand from 707 to 1200 words
enhancing-user-experience-a-comprehensive-guide-for-tech-leaders,CLUSTER,MLM_SOFTWARE,667,1,LOW,Expand from 667 to 1200 words
enhancing-your-mlm-app-with-powerful-api-integration-a-comprehensive-guide,CLUSTER,MLM_SOFTWARE,1130,1,LOW,Expand from 1130 to 1200 words
ensuring-application-security-during-software-development-a-comprehensive-guide,CLUSTER,MLM_SOFTWARE,1196,0,LOW,Expand from 1196 to 1200 words
ensuring-compliant-investment-plan-management-key-strategies-for-success,CLUSTER,MLM_SOFTWARE,548,0,LOW,Expand from 548 to 1200 words
ensuring-legal-compliance-in-mlm-app-development-a-comprehensive-guide,CLUSTER,MLM_SOFTWARE,787,1,LOW,Expand from 787 to 1200 words
ensuring-security-and-compliance-in-mlm-software-development,CLUSTER,MLM_SOFTWARE,732,11,LOW,Expand from 732 to 1200 words
evaluating-matrix-mlm-software-a-comprehensive-guide-for-tech-leaders,CLUSTER,MLM_SOFTWARE,748,18,LOW,Expand from 748 to 1200 words
evaluating-the-costs-of-blockchain-mlm-software-a-comprehensive-guide,CLUSTER,MLM_SOFTWARE,581,15,LOW,Expand from 581 to 1200 words
everything-about-bitcoin-mlm-software-and-its-features,CLUSTER,MLM_SOFTWARE,668,19,LOW,Expand from 668 to 1200 words
everything-about-mlm-software-development-solutions-for-network-marketing-succes,CLUSTER,MLM_SOFTWARE,586,16,LOW,Expand from 586 to 1200 words
everything-about-roi-plans-in-mlm-software,CLUSTER,MLM_SOFTWARE,633,14,LOW,Expand from 633 to 1200 words
everything-you-need-to-know-about-australian-x-up-plan-mlm-software,CLUSTER,MLM_SOFTWARE,835,23,LOW,Expand from 835 to 1200 words
everything-you-need-to-know-about-cryptocurrency-mlm-software,CLUSTER,MLM_SOFTWARE,797,21,LOW,Expand from 797 to 1200 words
everything-you-need-to-know-about-mlm-software-pricing,CLUSTER,MLM_SOFTWARE,665,26,LOW,Expand from 665 to 1200 words
everything-you-need-to-know-about-spillover-binary-mlm-software,CLUSTER,MLM_SOFTWARE,639,15,LOW,Expand from 639 to 1200 words
finding-the-right-cheap-donation-management-tools-for-your-needs,CLUSTER,MLM_SOFTWARE,490,0,LOW,Expand from 490 to 1200 words
generation-plan-mlm-software-features-benefits-and-best-solutions,CLUSTER,MLM_SOFTWARE,624,14,LOW,Expand from 624 to 1200 words
gift-plan-mlm-software-features-benefits-and-solutions,CLUSTER,MLM_SOFTWARE,555,20,LOW,Expand from 555 to 1200 words
helping-plan-mlm-software-solutions,CLUSTER,MLM_SOFTWARE,662,15,LOW,Expand from 662 to 1200 words
helping-you-plan-effective-mlm-features-a-comprehensive-guide,CLUSTER,MLM_SOFTWARE,429,1,LOW,Expand from 429 to 1200 words
hire-professional-mlm-software-developers-services-solutions,CLUSTER,MLM_SOFTWARE,518,14,LOW,Expand from 518 to 1200 words
how-ai-powered-chatbots-are-revolutionizing-customer-support,CLUSTER,AI_INTELLIGENCE,747,1,LOW,Expand from 747 to 1200 words
how-matrix-compensation-works-in-mlm-software-a-comprehensive-guide,CLUSTER,MLM_SOFTWARE,505,9,LOW,Expand from 505 to 1200 words
how-robotics-is-transforming-elderly-care-at-home-a-comprehensive-guide,CLUSTER,MLM_SOFTWARE,568,0,LOW,Expand from 568 to 1200 words
how-to-choose-and-implement-mlm-software-a-comprehensive-guide,CLUSTER,MLM_SOFTWARE,859,30,LOW,Expand from 859 to 1200 words
how-to-choose-the-right-crm-software-for-your-small-business-a-comprehensive-guide,CLUSTER,WEB_MOBILE,860,1,LOW,Expand from 860 to 1200 words
how-to-choose-the-right-cryptocurrency-exchange-development-company,CLUSTER,BLOCKCHAIN_WEB3,690,2,LOW,Expand from 690 to 1200 words
how-to-choose-the-right-mlm-software-development-company-a-comprehensive-guide,CLUSTER,MLM_SOFTWARE,966,28,LOW,Expand from 966 to 1200 words
how-to-choose-the-right-mlm-software-development-partner-a-comprehensive-guide,CLUSTER,MLM_SOFTWARE,918,20,LOW,Expand from 918 to 1200 words
how-to-choose-the-right-mlm-software-for-your-business,CLUSTER,MLM_SOFTWARE,827,21,LOW,Expand from 827 to 1200 words
how-to-choose-the-right-mobile-app-development-company-for-your-needs,CLUSTER,WEB_MOBILE,855,12,LOW,Expand from 855 to 1200 words
how-to-create-effective-mlm-software-for-business-growth-a-comprehensive-guide,CLUSTER,MLM_SOFTWARE,845,22,LOW,Expand from 845 to 1200 words
how-to-develop-a-secure-and-scalable-cryptocurrency-exchange-a-comprehensive-guide,CLUSTER,MLM_SOFTWARE,927,0,LOW,Expand from 927 to 1200 words
how-to-develop-high-converting-landing-pages-for-your-saas-product,CLUSTER,MLM_SOFTWARE,803,0,LOW,Expand from 803 to 1200 words
how-to-develop-mlm-software-a-comprehensive-guide-for-ctos-and-technology-decision-makers,CLUSTER,MLM_SOFTWARE,920,29,LOW,Expand from 920 to 1200 words
how-to-develop-robust-mlm-software-a-comprehensive-guide,CLUSTER,MLM_SOFTWARE,1290,26,LOW,
how-to-develop-secure-and-scalable-mlm-software-solutions,CLUSTER,MLM_SOFTWARE,637,16,LOW,Expand from 637 to 1200 words
how-to-develop-specialized-mlm-software-a-comprehensive-guide-to-compensation-plans,CLUSTER,MLM_SOFTWARE,786,20,LOW,Expand from 786 to 1200 words
how-to-effectively-track-roi-in-your-mlm-business-a-comprehensive-guide,CLUSTER,MLM_SOFTWARE,927,4,LOW,Expand from 927 to 1200 words
how-to-implement-a-scalable-blockchain-mlm-software-solution,CLUSTER,MLM_SOFTWARE,919,11,LOW,Expand from 919 to 1200 words
how-to-implement-an-mlm-plan-in-your-business-a-comprehensive-guide,CLUSTER,MLM_SOFTWARE,1119,7,LOW,Expand from 1119 to 1200 words
how-to-implement-scalable-ai-solutions-for-business-efficiency,CLUSTER,MLM_SOFTWARE,1034,1,LOW,Expand from 1034 to 1200 words
how-to-select-the-right-mlm-software-a-comprehensive-guide,CLUSTER,MLM_SOFTWARE,983,18,LOW,Expand from 983 to 1200 words
how-to-select-the-right-mlm-software-for-your-business-needs,CLUSTER,MLM_SOFTWARE,888,20,LOW,Expand from 888 to 1200 words
how-to-successfully-implement-matrix-mlm-systems-a-comprehensive-guide,CLUSTER,MLM_SOFTWARE,628,3,LOW,Expand from 628 to 1200 words
how-to-successfully-integrate-mlm-software-into-your-business-operations,CLUSTER,MLM_SOFTWARE,500,20,LOW,Expand from 500 to 1200 words
implementing-ai-and-robotic-automation-solutions-a-comprehensive-guide-for-ctos-and-technology-decision-makers,CLUSTER,AI_INTELLIGENCE,1159,11,LOW,Expand from 1159 to 1200 words
importance-of-mobile-app-development-in-multi-level-marketing-mlm,CLUSTER,MLM_SOFTWARE,1260,10,LOW,
indian-donation-plan-providers-a-comprehensive-guide,CLUSTER,MLM_SOFTWARE,526,22,LOW,Expand from 526 to 1200 words
integrating-ai-into-workflow-automation-a-comprehensive-guide,CLUSTER,AI_INTELLIGENCE,1109,7,LOW,Expand from 1109 to 1200 words
intelligent-automation-solutions-revolutionizing-business-operations,CLUSTER,AI_INTELLIGENCE,721,22,LOW,Expand from 721 to 1200 words
investment-plan-mlm-software-features-benefits-best-practices,CLUSTER,MLM_SOFTWARE,453,14,LOW,Expand from 453 to 1200 words
it-outsourcing-in-moradabad-choosing-the-right-partner-for-your-business-needs,CLUSTER,AI_INTELLIGENCE,934,10,LOW,Expand from 934 to 1200 words
landing-page-development-the-key-to-driving-conversions-and-growth,CLUSTER,MLM_SOFTWARE,747,0,LOW,Expand from 747 to 1200 words
leverage-ai-and-robotics-to-revolutionize-your-business-operation-a-comprehensive-guide,CLUSTER,AI_INTELLIGENCE,882,9,LOW,Expand from 882 to 1200 words
leverage-ai-and-robotics-to-revolutionize-your-business-operations-a-comprehensive-guide,CLUSTER,AI_INTELLIGENCE,882,9,LOW,Expand from 882 to 1200 words
leverage-robotic-process-automation-for-business-efficiency-a-comprehensive-guide,CLUSTER,AI_INTELLIGENCE,958,42,LOW,Expand from 958 to 1200 words
leveraging-advanced-ai-in-modern-robotic-programming-a-comprehensive-guide,CLUSTER,MLM_SOFTWARE,787,0,LOW,Expand from 787 to 1200 words
leveraging-ai-and-robotic-process-automation-for-business-efficiency,CLUSTER,AI_INTELLIGENCE,1062,38,LOW,Expand from 1062 to 1200 words
leveraging-ai-and-robotic-programming-for-business-efficiency-a-comprehensive-guide,CLUSTER,MLM_SOFTWARE,947,6,LOW,Expand from 947 to 1200 words
leveraging-ai-development-and-robotic-programming-for-business-automation,CLUSTER,AI_INTELLIGENCE,951,16,LOW,Expand from 951 to 1200 words
leveraging-ai-development-for-business-transformation-a-comprehensive-guide,CLUSTER,AI_INTELLIGENCE,748,19,LOW,Expand from 748 to 1200 words
leveraging-mlm-software-streamlining-business-operations-with-cutting-edge-solutions,CLUSTER,MLM_SOFTWARE,984,26,LOW,Expand from 984 to 1200 words
leveraging-performance-reporting-tools-a-strategic-approach-to-business-success,CLUSTER,WEB_MOBILE,575,2,LOW,Expand from 575 to 1200 words
managing-commission-in-e-commerce-mlm-software-best-practices-for-streamlined-operations,CLUSTER,MLM_SOFTWARE,746,6,LOW,Expand from 746 to 1200 words
managing-contributions-in-mlm-a-comprehensive-guide-to-bucket-systems,CLUSTER,MLM_SOFTWARE,926,5,LOW,Expand from 926 to 1200 words
managing-spill-over-in-genealogy-systems-a-comprehensive-guide,CLUSTER,WEB_MOBILE,593,2,LOW,Expand from 593 to 1200 words
market-specific-autopool-plan-mlm-solutions-a-comprehensive-guide,CLUSTER,MLM_SOFTWARE,870,2,LOW,Expand from 870 to 1200 words
mastering-ai-development-a-comprehensive-guide,CLUSTER,AI_INTELLIGENCE,1141,25,LOW,Expand from 1141 to 1200 words
mastering-keyword-integration-a-comprehensive-guide-to-seo-optimized-content-creation,CLUSTER,WEB_MOBILE,518,4,LOW,Expand from 518 to 1200 words
mastering-member-contributions-in-mlm-a-comprehensive-guide,CLUSTER,MLM_SOFTWARE,541,2,LOW,Expand from 541 to 1200 words
mastering-member-earnings-tracking-in-mlm-a-comprehensive-guide,CLUSTER,MLM_SOFTWARE,584,2,LOW,Expand from 584 to 1200 words
mastering-mlm-software-development-tailored-solutions-for-success,CLUSTER,MLM_SOFTWARE,782,22,LOW,Expand from 782 to 1200 words
mastering-seo-strategies-for-technical-decision-makers-a-comprehensive-guide,CLUSTER,WEB_MOBILE,727,3,LOW,Expand from 727 to 1200 words
mastering-single-leg-mlm-api-integration-streamlining-payments-and-calculations,CLUSTER,MLM_SOFTWARE,526,2,LOW,Expand from 526 to 1200 words
mastering-the-art-of-network-building-a-guide-to-success-in-multi-level-marketing,CLUSTER,MLM_SOFTWARE,401,5,LOW,Expand from 401 to 1200 words
mastering-the-complexity-of-mlm-compensation-plans-a-comprehensive-guide,CLUSTER,MLM_SOFTWARE,617,5,LOW,Expand from 617 to 1200 words
mastering-uiux-redesign-a-strategic-guide-to-enhancing-user-experience,CLUSTER,AI_INTELLIGENCE,926,1,LOW,Expand from 926 to 1200 words
mastering-unilevel-mlm-api-integration-a-comprehensive-guide,CLUSTER,MLM_SOFTWARE,1168,1,LOW,Expand from 1168 to 1200 words
mastering-workflow-automation-with-robotic-process-automation-rpa-a-comprehensive-guide,CLUSTER,AI_INTELLIGENCE,1098,54,LOW,Expand from 1098 to 1200 words
matrix-mlm-software-features-benefits-top-solutions,CLUSTER,MLM_SOFTWARE,948,40,LOW,Expand from 948 to 1200 words
maximize-your-mlm-success-a-deep-dive-into-essential-software-features,CLUSTER,MLM_SOFTWARE,836,13,LOW,Expand from 836 to 1200 words
maximizing-efficiency-with-custom-mlm-software-development,CLUSTER,MLM_SOFTWARE,870,21,LOW,Expand from 870 to 1200 words
mlm-software-providers-in-india-a-comprehensive-guide-to-streamlining-your-business-operations,CLUSTER,MLM_SOFTWARE,458,16,LOW,Expand from 458 to 1200 words
mlm-software-revolutionizing-multi-level-marketing-with-custom-solutions,CLUSTER,MLM_SOFTWARE,1059,38,LOW,Expand from 1059 to 1200 words
mobile-app-development-best-practices-a-comprehensiv-guide,CLUSTER,WEB_MOBILE,687,6,LOW,Expand from 687 to 1200 words
mobile-app-development-best-practices-a-comprehensive-guide,CLUSTER,WEB_MOBILE,752,10,LOW,Expand from 752 to 1200 words
mobile-recharge-mlm-software-your-ultimate-guide,CLUSTER,MLM_SOFTWARE,603,18,LOW,Expand from 603 to 1200 words
mobius-loop-mlm-software-continuous-cycle-dynamic-compensation-solutions,CLUSTER,MLM_SOFTWARE,948,14,LOW,Expand from 948 to 1200 words
multi-level-marketing-platform-solutions-eifasoft,CLUSTER,MLM_SOFTWARE,677,11,LOW,Expand from 677 to 1200 words
optimizing-digital-marketing-with-ai-driven-solution,CLUSTER,AI_INTELLIGENCE,916,2,LOW,Expand from 916 to 1200 words
optimizing-digital-marketing-with-ai-driven-solutions,CLUSTER,AI_INTELLIGENCE,908,2,LOW,Expand from 908 to 1200 words
optimizing-workflow-automation-with-ai-powered-robotic-process-automation-rpa,CLUSTER,AI_INTELLIGENCE,1000,47,LOW,Expand from 1000 to 1200 words
optimizing-your-mlm-business-with-cutting-edge-software-solutions,CLUSTER,MLM_SOFTWARE,864,10,LOW,Expand from 864 to 1200 words
party-plan-mlm-software-features-benefits-and-solutions,CLUSTER,MLM_SOFTWARE,727,24,LOW,Expand from 727 to 1200 words
payment-gateway-compatibility-for-mlm-a-comprehensive-guide,CLUSTER,MLM_SOFTWARE,499,1,LOW,Expand from 499 to 1200 words
payout-software-for-mlm-streamlining-compensation-structures-in-multi-level-marketing,CLUSTER,MLM_SOFTWARE,928,10,LOW,Expand from 928 to 1200 words
portfolio-management-in-mlm-software-streamlining-success,CLUSTER,MLM_SOFTWARE,948,10,LOW,Expand from 948 to 1200 words
professional-mlm-software-development-a-comprehensive-guide,CLUSTER,MLM_SOFTWARE,1008,24,LOW,Expand from 1008 to 1200 words
professional-website-design-services-a-comprehensive-guide,CLUSTER,WEB_MOBILE,1075,20,LOW,Expand from 1075 to 1200 words
progressive-donation-levels-a-strategic-approach-to-enhancing-fundraising-success,CLUSTER,MLM_SOFTWARE,911,0,LOW,Expand from 911 to 1200 words
repurchase-plan-integration-in-mlm-systems-enhancing-customer-retention-and-business-growth,CLUSTER,MLM_SOFTWARE,646,24,LOW,Expand from 646 to 1200 words
revolutionizing-business-efficiency-how-custom-mlm-software-empowers-your-growth,CLUSTER,MLM_SOFTWARE,1073,31,LOW,Expand from 1073 to 1200 words
revolutionizing-business-efficiency-the-power-of-intelligent-automation-solutions,CLUSTER,AI_INTELLIGENCE,1148,18,LOW,Expand from 1148 to 1200 words
revolutionizing-business-operation-the-synergy-of-ai-development-and-robotic-automation,CLUSTER,AI_INTELLIGENCE,728,22,LOW,Expand from 728 to 1200 words
revolutionizing-business-operations-how-mlm-software-development-transforms-companies,CLUSTER,MLM_SOFTWARE,1165,27,LOW,Expand from 1165 to 1200 words
revolutionizing-business-operations-the-integration-of-ai-and-machine-learning,CLUSTER,AI_INTELLIGENCE,565,1,LOW,Expand from 565 to 1200 words
revolutionizing-business-operations-the-synergy-of-ai-and-robotics,CLUSTER,AI_INTELLIGENCE,884,3,LOW,Expand from 884 to 1200 words
revolutionizing-business-operations-the-synergy-of-ai-development-and-robotic-automation,CLUSTER,AI_INTELLIGENCE,728,22,LOW,Expand from 728 to 1200 words
revolutionizing-e-commerce-crafting-scalable-and-secure-digital-retail-solutions,CLUSTER,MLM_SOFTWARE,706,0,LOW,Expand from 706 to 1200 words
revolutionizing-efficiency-how-robotic-process-automation-rpa-transforms-business-operations,CLUSTER,AI_INTELLIGENCE,970,44,LOW,Expand from 970 to 1200 words
revolutionizing-fundraising-how-ai-driven-strategies-are-transforming-nonprofit-success,CLUSTER,AI_INTELLIGENCE,1568,8,LOW,
revolutionizing-industrial-automation-the-synergy-of-ai-and-robotic-systems,CLUSTER,MLM_SOFTWARE,1252,0,LOW,
revolutionizing-mlm-business-management-how-board-plan-web-development-can-transform-your-operations,CLUSTER,MLM_SOFTWARE,821,22,LOW,Expand from 821 to 1200 words
revolutionizing-mlm-business-management-the-power-of-mlm-software,CLUSTER,MLM_SOFTWARE,1104,30,LOW,Expand from 1104 to 1200 words
revolutionizing-mlm-business-management-the-power-of-reporting-tools,CLUSTER,MLM_SOFTWARE,788,6,LOW,Expand from 788 to 1200 words
revolutionizing-mlm-business-operations-the-power-of-custom-mlm-software-development,CLUSTER,MLM_SOFTWARE,725,22,LOW,Expand from 725 to 1200 words
revolutionizing-mlm-business-operations-the-power-of-custom-software-development,CLUSTER,MLM_SOFTWARE,766,17,LOW,Expand from 766 to 1200 words
revolutionizing-mlm-operations-the-power-of-single-leg-mlm-mobile-apps,CLUSTER,MLM_SOFTWARE,624,15,LOW,Expand from 624 to 1200 words
revolutionizing-mlm-payments-the-future-with-bitcoin-integration,CLUSTER,MLM_SOFTWARE,657,1,LOW,Expand from 657 to 1200 words
revolutionizing-mlm-recruitment-the-power-of-automatic-member-placement-software,CLUSTER,MLM_SOFTWARE,503,1,LOW,Expand from 503 to 1200 words
revolutionizing-mlm-software-development-a-comprehensive-guide-for-ctos,CLUSTER,MLM_SOFTWARE,684,15,LOW,Expand from 684 to 1200 words
revolutionizing-mlm-software-development-a-comprehensive-guide,CLUSTER,MLM_SOFTWARE,1005,24,LOW,Expand from 1005 to 1200 words
revolutionizing-mlm-the-power-of-custom-software-development,CLUSTER,MLM_SOFTWARE,759,18,LOW,Expand from 759 to 1200 words
revolutionizing-mlm-why-your-business-needs-cutting-edge-mlm-software,CLUSTER,MLM_SOFTWARE,634,13,LOW,Expand from 634 to 1200 words
revolutionizing-mlm-with-blockchain-the-power-of-smart-contracts-and-efficient-api-integration,CLUSTER,AI_INTELLIGENCE,753,2,LOW,Expand from 753 to 1200 words
revolutionizing-mobile-app-development-strategies-for-modern-ctos,CLUSTER,WEB_MOBILE,1063,14,LOW,Expand from 1063 to 1200 words
revolutionizing-network-marketing-the-power-of-mlm-software-development,CLUSTER,MLM_SOFTWARE,666,19,LOW,Expand from 666 to 1200 words
revolutionizing-supply-chain-management-the-synergy-of-ai-and-robotics,CLUSTER,AI_INTELLIGENCE,1018,1,LOW,Expand from 1018 to 1200 words
revolutionizing-workflows-integrating-ai-development-into-your-technology-stack,CLUSTER,AI_INTELLIGENCE,959,22,LOW,Expand from 959 to 1200 words
revolutionizing-your-business-the-transformative-power-of-ai-implementation,CLUSTER,AI_INTELLIGENCE,992,5,LOW,Expand from 992 to 1200 words
robust-security-the-cornerstone-of-reliable-mlm-software-development,CLUSTER,MLM_SOFTWARE,1049,14,LOW,Expand from 1049 to 1200 words
scalable-ai-powered-automation-solutions-transforming-business-operations,CLUSTER,AI_INTELLIGENCE,934,3,LOW,Expand from 934 to 1200 words
scalable-board-plan-mlm-software-revolutionizing-business-growth,CLUSTER,MLM_SOFTWARE,942,50,LOW,Expand from 942 to 1200 words
scalable-donation-platforms-revolutionizing-fundraising-strategies,CLUSTER,WEB_MOBILE,866,1,LOW,Expand from 866 to 1200 words
scalable-e-commerce-mlm-systems-the-key-to-future-proof-growth,CLUSTER,MLM_SOFTWARE,833,1,LOW,Expand from 833 to 1200 words
scalable-gift-plan-mlm-software-revolutionizing-customer-engagement,CLUSTER,MLM_SOFTWARE,770,14,LOW,Expand from 770 to 1200 words
scalable-mlm-software-solutions-the-key-to-future-proof-success,CLUSTER,MLM_SOFTWARE,1202,17,LOW,
scalable-mlm-software-the-key-to-unlocking-business-growth,CLUSTER,MLM_SOFTWARE,521,15,LOW,Expand from 521 to 1200 words
scalable-solutions-for-modern-businesses-why-customization-matters-in-productservice,CLUSTER,MLM_SOFTWARE,651,2,LOW,Expand from 651 to 1200 words
scalable-stair-step-mlm-platforms-driving-business-growth-and-efficiency,CLUSTER,AI_INTELLIGENCE,821,4,LOW,Expand from 821 to 1200 words
scaling-mobile-apps-strategies-for-growth-and-sustainability,CLUSTER,AI_INTELLIGENCE,826,1,LOW,Expand from 826 to 1200 words
scaling-your-business-how-global-mlm-app-solutions-empower-growth,CLUSTER,MLM_SOFTWARE,663,1,LOW,Expand from 663 to 1200 words
scaling-your-business-the-power-of-ai-and-automation,CLUSTER,AI_INTELLIGENCE,837,1,LOW,Expand from 837 to 1200 words
scaling-your-business-with-robotic-process-automation-a-comprehensive-guide,CLUSTER,AI_INTELLIGENCE,754,41,LOW,Expand from 754 to 1200 words
seamless-integration-the-key-to-maximizing-mlm-platform-potential,CLUSTER,MLM_SOFTWARE,655,1,LOW,Expand from 655 to 1200 words
secure-ai-integration-in-healthcare-a-comprehensive-guide,CLUSTER,AI_INTELLIGENCE,653,3,LOW,Expand from 653 to 1200 words
secure-binary-mlm-platforms-why-they-matter-for-your-business-success,CLUSTER,MLM_SOFTWARE,925,1,LOW,Expand from 925 to 1200 words
secure-crypto-payment-gateways-revolutionizing-transactions-in-mlm-platforms,CLUSTER,MLM_SOFTWARE,824,1,LOW,Expand from 824 to 1200 words
secure-generation-plan-integration-ensuring-compliance-and-scalability-in-mlm-platforms,CLUSTER,MLM_SOFTWARE,733,1,LOW,Expand from 733 to 1200 words
secure-matrix-mlm-software-provider-essential-features-you-must-look-for,CLUSTER,MLM_SOFTWARE,1083,22,LOW,Expand from 1083 to 1200 words
secure-payment-gateways-ensuring-pci-dss-compliance-in-e-commerce,CLUSTER,MLM_SOFTWARE,1164,1,LOW,Expand from 1164 to 1200 words
secure-repurchase-strategies-in-mlm-ensuring-customer-trust-and-compliance,CLUSTER,MLM_SOFTWARE,705,8,LOW,Expand from 705 to 1200 words
secure-your-mlm-business-choosing-the-right-australian-x-up-plan-software-provider,CLUSTER,MLM_SOFTWARE,868,2,LOW,Expand from 868 to 1200 words
secure-your-multi-level-marketing-operations-the-importance-of-secure-mlm-software,CLUSTER,MLM_SOFTWARE,973,23,LOW,Expand from 973 to 1200 words
securing-cryptocurrency-transactions-the-role-of-payment-gateways-and-compliance,CLUSTER,MLM_SOFTWARE,491,0,LOW,Expand from 491 to 1200 words
securing-your-mlm-software-a-comprehensive-guide-to-a-secure-helping-plan,CLUSTER,MLM_SOFTWARE,797,9,LOW,Expand from 797 to 1200 words
single-leg-plan-mlm-software-features-benefits-top-solutions,CLUSTER,MLM_SOFTWARE,775,26,LOW,Expand from 775 to 1200 words
smart-contract-based-mlm-software-features-and-benefits,CLUSTER,MLM_SOFTWARE,595,18,LOW,Expand from 595 to 1200 words
smart-home-automation-with-ai-transforming-residential-living,CLUSTER,AI_INTELLIGENCE,973,2,LOW,Expand from 973 to 1200 words
software-development-services-in-moradabad-top-companies-expert-solutions,CLUSTER,WEB_MOBILE,405,3,LOW,Expand from 405 to 1200 words
software-maintenance-and-support-services-in-moradabad-ensuring-business-success,CLUSTER,ENTERPRISE_SOLUTIONS,583,13,LOW,Expand from 583 to 1200 words
stair-step-mlm-software-features-and-benefits-for-modern-sales-teams,CLUSTER,MLM_SOFTWARE,849,16,LOW,Expand from 849 to 1200 words
stair-step-mlm-software-pricing-a-comprehensive-guide,CLUSTER,MLM_SOFTWARE,769,15,LOW,Expand from 769 to 1200 words
strategic-ai-implementation-how-to-supercharge-your-business-efficiency,CLUSTER,AI_INTELLIGENCE,769,5,LOW,Expand from 769 to 1200 words
streamlining-business-operations-the-power-of-automation-for-tech-driven-success,CLUSTER,AI_INTELLIGENCE,745,7,LOW,Expand from 745 to 1200 words
streamlining-business-operations-with-ai-development-and-robotic-programming,CLUSTER,AI_INTELLIGENCE,828,17,LOW,Expand from 828 to 1200 words
streamlining-mlm-business-operations-how-ai-tools-can-transform-your-workflow,CLUSTER,MLM_SOFTWARE,1118,12,LOW,Expand from 1118 to 1200 words
streamlining-mlm-operations-the-power-of-autopool-matrix-filling-software,CLUSTER,MLM_SOFTWARE,867,0,LOW,Expand from 867 to 1200 words
streamlining-mlm-operations-the-power-of-binary-compensation-plan-software,CLUSTER,MLM_SOFTWARE,898,15,LOW,Expand from 898 to 1200 words
tailored-donation-strategies-revolutionizing-fundraising-with-ai-and-automation,CLUSTER,AI_INTELLIGENCE,733,1,LOW,Expand from 733 to 1200 words
tailoring-your-mlm-platform-a-comprehensive-guide-to-success,CLUSTER,MLM_SOFTWARE,774,3,LOW,Expand from 774 to 1200 words
technological-advancements-in-mlm-shaping-the-future-of-multi-level-marketing,CLUSTER,MLM_SOFTWARE,539,4,LOW,Expand from 539 to 1200 words
the-comprehensive-guide-to-choosing-the-right-mlm-software-development-partner,CLUSTER,MLM_SOFTWARE,819,20,LOW,Expand from 819 to 1200 words
the-comprehensive-guide-to-effective-ai-implementation-in-modern-businesses,CLUSTER,AI_INTELLIGENCE,1580,3,LOW,
the-comprehensive-guide-to-effective-mlm-software-development,CLUSTER,MLM_SOFTWARE,1012,21,LOW,Expand from 1012 to 1200 words
the-comprehensive-guide-to-mobile-app-development-unlocking-business-potential,CLUSTER,WEB_MOBILE,917,17,LOW,Expand from 917 to 1200 words
the-cost-of-matrix-mlm-software-a-comprehensive-guide,CLUSTER,MLM_SOFTWARE,527,13,LOW,Expand from 527 to 1200 words
the-essential-features-of-mlm-software-every-business-needs-to-know,CLUSTER,MLM_SOFTWARE,709,20,LOW,Expand from 709 to 1200 words
the-essential-guide-to-e-commerce-mobile-apps-unlocking-business-potential,CLUSTER,WEB_MOBILE,871,3,LOW,Expand from 871 to 1200 words
the-essential-guide-to-mlm-app-features-for-modern-success,CLUSTER,MLM_SOFTWARE,766,1,LOW,Expand from 766 to 1200 words
the-essential-guide-to-mlm-software-development-streamlining-operations-with-cutting-edge-solution,CLUSTER,MLM_SOFTWARE,1041,28,LOW,Expand from 1041 to 1200 words
the-essential-guide-to-mlm-software-development-streamlining-operations-with-cutting-edge-solutions,CLUSTER,MLM_SOFTWARE,1041,28,LOW,Expand from 1041 to 1200 words
the-essential-role-of-full-stack-mlm-developers-in-modern-business,CLUSTER,MLM_SOFTWARE,676,1,LOW,Expand from 676 to 1200 words
the-evolution-and-future-of-ai-in-website-design-development,CLUSTER,WEB_MOBILE,672,8,LOW,Expand from 672 to 1200 words
the-evolution-and-future-of-mlm-software-a-comprehensive-guide,CLUSTER,MLM_SOFTWARE,972,28,LOW,Expand from 972 to 1200 words
the-evolution-and-importance-of-ai-in-modern-software-development,CLUSTER,MLM_SOFTWARE,718,1,LOW,Expand from 718 to 1200 words
the-evolution-and-importance-of-ai-in-robotic-programming,CLUSTER,MLM_SOFTWARE,818,0,LOW,Expand from 818 to 1200 words
the-evolution-and-importance-of-robotic-process-automation-in-modern-businesses,CLUSTER,AI_INTELLIGENCE,957,43,LOW,Expand from 957 to 1200 words
the-evolution-of-digital-marketing-and-its-impact-on-business-growth,CLUSTER,MLM_SOFTWARE,837,0,LOW,Expand from 837 to 1200 words
the-evolution-of-mlm-software-and-its-impact-on-business-growth,CLUSTER,MLM_SOFTWARE,770,25,LOW,Expand from 770 to 1200 words
the-evolution-of-mlm-software-development-embracing-ai-and-robotic-automation,CLUSTER,MLM_SOFTWARE,971,14,LOW,Expand from 971 to 1200 words
the-evolution-of-mlm-software-embracing-ai-and-robotic-automation,CLUSTER,MLM_SOFTWARE,613,7,LOW,Expand from 613 to 1200 words
the-evolution-of-mlm-software-enhancing-business-efficiency-with-cutting-edge-solutions,CLUSTER,MLM_SOFTWARE,947,26,LOW,Expand from 947 to 1200 words
the-evolution-of-mlm-software-how-technology-drives-modern-direct-selling,CLUSTER,MLM_SOFTWARE,1233,30,LOW,
the-evolution-of-mlm-software-streamlining-compensation-plans-for-modern-businesses,CLUSTER,MLM_SOFTWARE,1290,38,LOW,
the-evolution-of-mobile-app-development-a-comprehensive-guide,CLUSTER,WEB_MOBILE,1115,23,LOW,Expand from 1115 to 1200 words
the-functionality-of-spillover-software-in-multi-level-marketing-mlm,CLUSTER,MLM_SOFTWARE,649,9,LOW,Expand from 649 to 1200 words
the-future-of-ai-driven-automation-revolutionizing-workflow-efficiency,CLUSTER,AI_INTELLIGENCE,999,7,LOW,Expand from 999 to 1200 words
the-future-of-ai-in-mobile-app-development-transforming-the-industry,CLUSTER,WEB_MOBILE,578,11,LOW,Expand from 578 to 1200 words
the-future-of-ai-in-robotic-programming-a-comprehensive-guide,CLUSTER,AI_INTELLIGENCE,969,1,LOW,Expand from 969 to 1200 words
the-future-of-ai-powered-automation-transforming-industries-with-intelligent-solutions,CLUSTER,AI_INTELLIGENCE,684,2,LOW,Expand from 684 to 1200 words
the-future-of-automation-ai-driven-robotic-solutions-for-modern-businesses,CLUSTER,MLM_SOFTWARE,909,0,LOW,Expand from 909 to 1200 words
the-future-of-business-automation-embracing-ai-driven-solutions,CLUSTER,AI_INTELLIGENCE,716,9,LOW,Expand from 716 to 1200 words
the-future-of-business-automation-why-intelligent-systems-are-essential-for-scaling-success,CLUSTER,AI_INTELLIGENCE,866,15,LOW,Expand from 866 to 1200 words
the-future-of-business-efficiency-implementing-ai-solutions-and-custom-software-development,CLUSTER,MLM_SOFTWARE,575,3,LOW,Expand from 575 to 1200 words
the-future-of-business-transformation-exploring-the-role-of-ai-development,CLUSTER,AI_INTELLIGENCE,750,19,LOW,Expand from 750 to 1200 words
the-future-of-custom-software-development-tailoring-solutions-for-tomorrows-challenges,CLUSTER,MLM_SOFTWARE,967,0,LOW,Expand from 967 to 1200 words
the-future-of-e-commerce-how-ai-powered-automation-is-transforming-oline-retail,CLUSTER,AI_INTELLIGENCE,824,5,LOW,Expand from 824 to 1200 words
the-future-of-e-commerce-how-ai-powered-automation-is-transforming-online-retail,CLUSTER,AI_INTELLIGENCE,824,5,LOW,Expand from 824 to 1200 words
the-future-of-mlm-embracing-ai-and-robotic-process-automation,CLUSTER,AI_INTELLIGENCE,722,23,LOW,Expand from 722 to 1200 words
the-future-of-mlm-how-custom-software-development-is-revolutionizing-multi-level-marketing,CLUSTER,MLM_SOFTWARE,923,19,LOW,Expand from 923 to 1200 words
the-future-of-mlm-software-development-adapting-to-market-complexity-and-technological-advancements,CLUSTER,MLM_SOFTWARE,1116,18,LOW,Expand from 1116 to 1200 words
the-future-of-mlm-software-development-streamlining-success-with-ai-and-robotic-programming,CLUSTER,MLM_SOFTWARE,883,24,LOW,Expand from 883 to 1200 words
the-future-of-mlm-software-enhancing-business-efficiency-with-ai-driven-solutions,CLUSTER,MLM_SOFTWARE,765,13,LOW,Expand from 765 to 1200 words
the-future-of-mlm-software-leveraging-ai-and-robotic-process-automation,CLUSTER,AI_INTELLIGENCE,1043,32,LOW,Expand from 1043 to 1200 words
the-future-of-robotic-process-automation-rpa-in-business-operations,CLUSTER,AI_INTELLIGENCE,956,44,LOW,Expand from 956 to 1200 words
the-future-of-technologies-a-deep-dive-into-ai-development-and-its-impact-on-business,CLUSTER,AI_INTELLIGENCE,733,25,LOW,Expand from 733 to 1200 words
the-future-of-technology-a-deep-dive-into-ai-development-and-its-impact-on-business,CLUSTER,AI_INTELLIGENCE,733,25,LOW,Expand from 733 to 1200 words
the-future-of-workflows-how-ai-and-robotic-process-automation-are-reshaping-business-operations,CLUSTER,AI_INTELLIGENCE,1217,35,LOW,
the-importance-0f-custom-mlm-software-in-streamling-business-operation,CLUSTER,MLM_SOFTWARE,955,24,LOW,Expand from 955 to 1200 words
the-importance-of-ai-in-modern-business-a-comprehensive-guide,CLUSTER,AI_INTELLIGENCE,841,2,LOW,Expand from 841 to 1200 words
the-importance-of-api-integration-in-modern-mlm-business-operations,CLUSTER,MLM_SOFTWARE,930,1,LOW,Expand from 930 to 1200 words
the-importance-of-choosing-the-right-mlm-software-developer-a-comprehensive-guide,CLUSTER,MLM_SOFTWARE,777,22,LOW,Expand from 777 to 1200 words
the-importance-of-choosing-the-right-mlm-software-development-partner-for-your-business-needs,CLUSTER,MLM_SOFTWARE,850,23,LOW,Expand from 850 to 1200 words
the-importance-of-custom-mlm-software-development-in-modern-business-strategies,CLUSTER,MLM_SOFTWARE,907,17,LOW,Expand from 907 to 1200 words
the-importance-of-custom-mlm-software-in-streamlining-business-operations,CLUSTER,MLM_SOFTWARE,955,24,LOW,Expand from 955 to 1200 words
the-importance-of-customizable-mlm-software-in-modern-business,CLUSTER,MLM_SOFTWARE,1054,32,LOW,Expand from 1054 to 1200 words
the-importance-of-effective-mlm-software-development-in-modern-business-operations,CLUSTER,MLM_SOFTWARE,1048,21,LOW,Expand from 1048 to 1200 words
the-importance-of-effective-workflow-automation-in-modern-business,CLUSTER,AI_INTELLIGENCE,881,29,LOW,Expand from 881 to 1200 words
the-importance-of-high-quality-content-in-boosting-website-traffic,CLUSTER,MLM_SOFTWARE,624,1,LOW,Expand from 624 to 1200 words
the-importance-of-high-quality-content-in-digital-marketing,CLUSTER,WEB_MOBILE,829,1,LOW,Expand from 829 to 1200 words
the-importance-of-keyword-research-in-seo-a-comprehensive-guide,CLUSTER,WEB_MOBILE,778,2,LOW,Expand from 778 to 1200 words
the-importance-of-mlm-software-development-in-modern-business-strategies,CLUSTER,MLM_SOFTWARE,770,24,LOW,Expand from 770 to 1200 words
the-importance-of-mlm-software-development-in-modern-business-strategy,CLUSTER,MLM_SOFTWARE,1476,31,LOW,
the-importance-of-mobile-apps-in-modern-mlm-practices,CLUSTER,MLM_SOFTWARE,823,5,LOW,Expand from 823 to 1200 words
the-importance-of-robotic-process-automation-in-modern-business,CLUSTER,AI_INTELLIGENCE,1101,46,LOW,Expand from 1101 to 1200 words
the-importance-of-robotic-process-automation-in-streamlining-business-operations,CLUSTER,AI_INTELLIGENCE,971,47,LOW,Expand from 971 to 1200 words
the-importance-of-robotic-process-automation-rpa-in-modern-businesses,CLUSTER,AI_INTELLIGENCE,1075,50,LOW,Expand from 1075 to 1200 words
the-importance-of-robotic-programming-services-in-modern-automation-solutions,CLUSTER,AI_INTELLIGENCE,730,2,LOW,Expand from 730 to 1200 words
the-importance-of-robust-mlm-software-development-for-modern-businesses,CLUSTER,MLM_SOFTWARE,887,18,LOW,Expand from 887 to 1200 words
the-importance-of-robust-mlm-software-development-in-modern-business-strategies,CLUSTER,MLM_SOFTWARE,563,17,LOW,Expand from 563 to 1200 words
the-importance-of-robust-mlm-software-in-streamlining-business-operations,CLUSTER,MLM_SOFTWARE,481,15,LOW,Expand from 481 to 1200 words
the-importance-of-scalable-and-secure-mlm-software-in-modern-business,CLUSTER,MLM_SOFTWARE,756,17,LOW,Expand from 756 to 1200 words
the-importance-of-web-development-for-gift-plan-mlm-models-a-comprehensive-guide,CLUSTER,WEB_MOBILE,874,12,LOW,Expand from 874 to 1200 words
the-power-of-customizable-module-options-tailoring-solutions-for-your-business-needs,CLUSTER,MLM_SOFTWARE,829,1,LOW,Expand from 829 to 1200 words
the-role-of-ai-in-transforming-business-operations-a-comprehensive-guide,CLUSTER,AI_INTELLIGENCE,1198,4,LOW,Expand from 1198 to 1200 words
the-role-of-digital-transformation-in-modern-business-success-a-deep-dive,CLUSTER,AI_INTELLIGENCE,1570,8,LOW,
the-role-of-feedback-loops-in-enhancing-mlm-software-performance,CLUSTER,MLM_SOFTWARE,713,11,LOW,Expand from 713 to 1200 words
the-role-of-mobile-app-development-in-modern-business-a-focus-on-ai-integration,CLUSTER,WEB_MOBILE,632,13,LOW,Expand from 632 to 1200 words
the-strategic-power-of-content-strategy-consulting-elevating-your-digital-presence,CLUSTER,WEB_MOBILE,1009,2,LOW,Expand from 1009 to 1200 words
the-ultimate-guide-to-building-a-robust-mlm-software-solution,CLUSTER,MLM_SOFTWARE,911,16,LOW,Expand from 911 to 1200 words
the-ultimate-guide-to-choosing-the-right-mlm-software-for-your-business,CLUSTER,MLM_SOFTWARE,743,25,LOW,Expand from 743 to 1200 words
the-ultimate-guide-to-e-commerce-integrated-mlm-software-solutions,CLUSTER,MLM_SOFTWARE,657,12,LOW,Expand from 657 to 1200 words
the-ultimate-guide-to-hybrid-mlm-software,CLUSTER,MLM_SOFTWARE,527,21,LOW,Expand from 527 to 1200 words
the-ultimate-guide-to-implementing-a-successful-gift-plan-in-your-mlm-business,CLUSTER,MLM_SOFTWARE,742,1,LOW,Expand from 742 to 1200 words
the-ultimate-guide-to-multi-level-marketing-apps-mlm-apps,CLUSTER,MLM_SOFTWARE,461,9,LOW,Expand from 461 to 1200 words
tier-based-gifting-revolutionizing-rewards-in-modern-business,CLUSTER,AI_INTELLIGENCE,820,1,LOW,Expand from 820 to 1200 words
top-bitcoin-mlm-software-providers-a-comprehensive-guide,CLUSTER,MLM_SOFTWARE,1025,16,LOW,Expand from 1025 to 1200 words
top-it-service-providers-in-moradabad-a-comprehensive-guide,CLUSTER,AI_INTELLIGENCE,907,5,LOW,Expand from 907 to 1200 words
top-mlm-software-providers-your-ultimate-guide,CLUSTER,MLM_SOFTWARE,464,16,LOW,Expand from 464 to 1200 words
tron-mlm-software-features-development-integration-solutions,CLUSTER,MLM_SOFTWARE,727,12,LOW,Expand from 727 to 1200 words
ultimate-guide-to-stair-step-breakaway-mlm-software-features-benefits-best-solutions,CLUSTER,MLM_SOFTWARE,778,12,LOW,Expand from 778 to 1200 words
understanding-and-optimizing-repurchase-cycles-in-mlm-a-comprehensive-guide,CLUSTER,MLM_SOFTWARE,780,1,LOW,Expand from 780 to 1200 words
understanding-e-commerce-mlm-software-a-comprehensive-guide,CLUSTER,MLM_SOFTWARE,759,29,LOW,Expand from 759 to 1200 words
understanding-mlm-app-cost-a-comprehensive-guide,CLUSTER,MLM_SOFTWARE,934,2,LOW,Expand from 934 to 1200 words
understanding-mlm-escalating-gift-levels-a-comprehensive-guide,CLUSTER,MLM_SOFTWARE,856,3,LOW,Expand from 856 to 1200 words
understanding-mlm-software-a-comprehensive-guide,CLUSTER,MLM_SOFTWARE,559,18,LOW,Expand from 559 to 1200 words
understanding-mlm-software-development-a-comprehensive-guide,CLUSTER,MLM_SOFTWARE,963,24,LOW,Expand from 963 to 1200 words
understanding-mlm-software-features-benefits-and-key-considerations,CLUSTER,MLM_SOFTWARE,1001,31,LOW,Expand from 1001 to 1200 words
understanding-mlm-system-pricing-tiers-a-comprehensive-guide,CLUSTER,MLM_SOFTWARE,1067,3,LOW,Expand from 1067 to 1200 words
understanding-mobile-app-development-a-comprehensive-guide-for-ctos-and-tech-decision-makers,CLUSTER,WEB_MOBILE,823,16,LOW,Expand from 823 to 1200 words
understanding-online-reputation-management-orm-software-tools-a-comprehensive-guide,CLUSTER,MLM_SOFTWARE,848,0,LOW,Expand from 848 to 1200 words
understanding-the-importance-of-api-integration-services-for-modern-businesses,CLUSTER,WEB_MOBILE,694,2,LOW,Expand from 694 to 1200 words
understanding-the-importance-of-binary-mlm-software-features-and-benefits,CLUSTER,MLM_SOFTWARE,742,28,LOW,Expand from 742 to 1200 words
understanding-the-importance-of-custom-mlm-software-development,CLUSTER,MLM_SOFTWARE,965,23,LOW,Expand from 965 to 1200 words
understanding-the-importance-of-robotic-programming-in-mlm-software-development,CLUSTER,MLM_SOFTWARE,1181,26,LOW,Expand from 1181 to 1200 words
understanding-the-legal-requirements-of-mlm-software-compliance,CLUSTER,MLM_SOFTWARE,901,16,LOW,Expand from 901 to 1200 words
understanding-the-role-of-ai-development-in-modern-businesses-a-comprehensive-guide,CLUSTER,AI_INTELLIGENCE,748,14,LOW,Expand from 748 to 1200 words
understanding-the-total-cost-of-ownership-tco-for-mlm-software,CLUSTER,MLM_SOFTWARE,831,18,LOW,Expand from 831 to 1200 words
understanding-the-types-of-mlm-plans-a-comprehensive-guide,CLUSTER,MLM_SOFTWARE,648,5,LOW,Expand from 648 to 1200 words
understanding-tron-mlm-mobile-app-development-a-comprehensive-guide,CLUSTER,MLM_SOFTWARE,630,17,LOW,Expand from 630 to 1200 words
unlocking-business-potential-with-intelligent-automation-the-future-of-ai-and-robotics,CLUSTER,AI_INTELLIGENCE,1182,39,LOW,Expand from 1182 to 1200 words
unveiling-the-power-of-unilevel-mlm-genealogy-software-tools,CLUSTER,MLM_SOFTWARE,529,2,LOW,Expand from 529 to 1200 words
unveiling-the-power-of-unilevel-mlm-software-features-and-benefits,CLUSTER,MLM_SOFTWARE,564,14,LOW,Expand from 564 to 1200 words
website-design-trends-every-cto-should-embrace-in-2023,CLUSTER,WEB_MOBILE,775,8,LOW,Expand from 775 to 1200 words
website-designing-and-development-services,CLUSTER,WEB_MOBILE,752,18,LOW,Expand from 752 to 1200 words
website-designing-services-in-moradabad-why-your-business-needs-professional-help,CLUSTER,WEB_MOBILE,1055,16,LOW,Expand from 1055 to 1200 words
website-redesign-in-moradabad-why-it-matters-for-your-business,CLUSTER,MLM_SOFTWARE,667,0,LOW,Expand from 667 to 1200 words
which-pos-system-is-right-for-your-business-traditional-vs-cloud-based-alternatives,CLUSTER,MLM_SOFTWARE,748,0,LOW,Expand from 748 to 1200 words
why-ai-powered-robotic-programming-is-revolutionizing-business-automation,CLUSTER,AI_INTELLIGENCE,970,5,LOW,Expand from 970 to 1200 words
why-blockchain-based-mlm-software-is-the-future-of-multi-level-marketing,CLUSTER,MLM_SOFTWARE,1053,24,LOW,Expand from 1053 to 1200 words
why-choose-a-trusted-website-design-company,CLUSTER,WEB_MOBILE,694,13,LOW,Expand from 694 to 1200 words
why-choose-custom-e-commerce-website-development,CLUSTER,WEB_MOBILE,934,4,LOW,Expand from 934 to 1200 words
why-choose-e-commerce-development-a-comprehensive-guide,CLUSTER,WEB_MOBILE,552,9,LOW,Expand from 552 to 1200 words
why-choose-efasoft-for-your-mlm-software-development-needs,CLUSTER,MLM_SOFTWARE,817,21,LOW,Expand from 817 to 1200 words
why-choose-eifasoft-for-your-mlm-software-development-needs,CLUSTER,MLM_SOFTWARE,942,21,LOW,Expand from 942 to 1200 words
why-choosing-a-dedicated-team-is-essential-for-your-mlm-software-development-needs,CLUSTER,MLM_SOFTWARE,1077,16,LOW,Expand from 1077 to 1200 words
why-choosing-the-right-mlm-software-development-company-is-crucial-for-your-business-success,CLUSTER,MLM_SOFTWARE,772,23,LOW,Expand from 772 to 1200 words
why-choosing-the-right-technology-partner-can-transform-your-business,CLUSTER,AI_INTELLIGENCE,811,7,LOW,Expand from 811 to 1200 words
why-custom-e-commerce-development-is-essential-for-modern-businesses,CLUSTER,WEB_MOBILE,841,9,LOW,Expand from 841 to 1200 words
why-custom-mlm-software-development-is-critical-for-modern-businesses,CLUSTER,MLM_SOFTWARE,969,15,LOW,Expand from 969 to 1200 words
why-custom-mlm-software-development-is-essential-for-business-growth,CLUSTER,MLM_SOFTWARE,813,18,LOW,Expand from 813 to 1200 words
why-custom-mlm-software-development-is-essential-for-modern-businesses-a-comprehensive-guide,CLUSTER,MLM_SOFTWARE,909,20,LOW,Expand from 909 to 1200 words
why-custom-mlm-software-development-is-essential-for-modern-businesses,CLUSTER,MLM_SOFTWARE,1311,31,LOW,
why-custom-mlm-software-is-essential-for-your-business-a-deep-dive,CLUSTER,MLM_SOFTWARE,1006,18,LOW,Expand from 1006 to 1200 words
why-custom-software-development-is-essential-for-modern-businesses-a-comprehensive-guide,CLUSTER,MLM_SOFTWARE,634,0,LOW,Expand from 634 to 1200 words
why-develop-custom-mlm-software-for-streamlined-business-operations,CLUSTER,MLM_SOFTWARE,554,14,LOW,Expand from 554 to 1200 words
why-e-e-a-t-experience-expertise-authoritativeness-trustworthiness-matters-for-your-digital-presence,CLUSTER,AI_INTELLIGENCE,895,3,LOW,Expand from 895 to 1200 words
why-easy-to-use-mlm-software-is-essential-for-modern-businesses,CLUSTER,MLM_SOFTWARE,1026,21,LOW,Expand from 1026 to 1200 words
why-eifasoft-stands-out-in-mlm-software-development-a-comprehensive-guide,CLUSTER,MLM_SOFTWARE,928,18,LOW,Expand from 928 to 1200 words
why-every-business-needs-custom-mlm-software-a-comprehensive-guide,CLUSTER,MLM_SOFTWARE,662,18,LOW,Expand from 662 to 1200 words
why-implementing-ai-solutions-is-critical-for-modern-businesses,CLUSTER,MLM_SOFTWARE,988,1,LOW,Expand from 988 to 1200 words
why-integrated-mlm-software-is-essential-for-your-business-success,CLUSTER,MLM_SOFTWARE,793,22,LOW,Expand from 793 to 1200 words
why-invest-in-custom-mlm-software-development,CLUSTER,MLM_SOFTWARE,638,19,LOW,Expand from 638 to 1200 words
why-mlm-software-development-is-critical-for-modern-business-success-a-comprehensive-guide,CLUSTER,MLM_SOFTWARE,662,22,LOW,Expand from 662 to 1200 words
why-mlm-software-development-is-critical-for-modern-business-success,CLUSTER,MLM_SOFTWARE,1013,23,LOW,Expand from 1013 to 1200 words
why-mlm-software-development-is-critical-for-modern-businesses-a-comprehensive-guide,CLUSTER,MLM_SOFTWARE,832,24,LOW,Expand from 832 to 1200 words
why-mlm-software-development-is-essential-for-modern-business-success,CLUSTER,MLM_SOFTWARE,1115,24,LOW,Expand from 1115 to 1200 words
why-mlm-software-is-essential-for-modern-business-growth,CLUSTER,MLM_SOFTWARE,732,15,LOW,Expand from 732 to 1200 words
why-partner-with-a-social-media-marketing-agency-a-comprehensive-guide,CLUSTER,MLM_SOFTWARE,535,0,LOW,Expand from 535 to 1200 words
why-partnering-with-experts-for-cryptocurrency-exchange-development-is-crucial,CLUSTER,MLM_SOFTWARE,1023,0,LOW,Expand from 1023 to 1200 words
why-robotic-process-automation-rpa-is-essential-for-your-business-in-2023,CLUSTER,AI_INTELLIGENCE,1058,53,LOW,Expand from 1058 to 1200 words
why-scalable-mlm-platforms-are-essential-for-modern-businesses,CLUSTER,MLM_SOFTWARE,793,1,LOW,Expand from 793 to 1200 words
why-seo-is-critical-for-e-commerce-success-a-comprehensive-guide-to-boosting-sales-and-rankings,CLUSTER,WEB_MOBILE,1077,1,LOW,Expand from 1077 to 1200 words
why-specialized-mlm-software-is-essential-for-modern-businesses,CLUSTER,MLM_SOFTWARE,937,15,LOW,Expand from 937 to 1200 words
why-you-need-modern-mlm-software-streamlining-your-business-operations,CLUSTER,MLM_SOFTWARE,805,28,LOW,Expand from 805 to 1200 words
why-your-business-needs-custom-mlm-software,CLUSTER,MLM_SOFTWARE,657,13,LOW,Expand from 657 to 1200 words
why-your-business-needs-specialized-mlm-software-a-comprehensive-guide,CLUSTER,MLM_SOFTWARE,699,15,LOW,Expand from 699 to 1200 words
why-your-mlm-business-needs-a-mobile-app-in-2023-a-comprehensive-guide,CLUSTER,MLM_SOFTWARE,611,8,LOW,Expand from 611 to 1200 words
beyond-websites-the-power-of-eifasoft-technologies-in-crafting-engaging-online-experiences,ORPHAN,WEB_MOBILE,373,1,LOW,Review for merge or redirect
cracking-the-code-secrets-to-effective-communication-in-multi-level-marketing,ORPHAN,MLM_SOFTWARE,360,5,LOW,Review for merge or redirect
cracking-the-code-unraveling-the-success-stories-of-eifasofts-digital-marketing-strategies,ORPHAN,MLM_SOFTWARE,311,0,LOW,Review for merge or redirect
elevate-your-business-a-comprehensive-guide-to-eifasoft-technologies-web-development-expertise,ORPHAN,WEB_MOBILE,363,6,LOW,Review for merge or redirect
from-concept-to-code-the-art-of-crafting-user-centric-mobile-apps-by-eifasoft-technologies,ORPHAN,MLM_SOFTWARE,344,0,LOW,Review for merge or redirect
from-novice-to-networker-a-step-by-step-blueprint-for-mlm-success,ORPHAN,MLM_SOFTWARE,379,2,LOW,Review for merge or redirect
meta-url,ORPHAN,MLM_SOFTWARE,1,0,LOW,Review for merge or redirect
navigating-the-future-how-eifasoft-technologies-is-shaping-innovation-in-mobile-apps,ORPHAN,WEB_MOBILE,331,4,LOW,Review for merge or redirect
navigating-the-mlm-landscape-strategies-for-building-a-thriving-downline,ORPHAN,MLM_SOFTWARE,397,3,LOW,Review for merge or redirect
revolutionizing-the-digital-landscape-a-deep-dive-into-eifasoft-technologies-solutions,ORPHAN,WEB_MOBILE,319,3,LOW,Review for merge or redirect
the-art-of-crafting-a-seamless-e-commerce-experience,ORPHAN,WEB_MOBILE,290,2,LOW,Review for merge or redirect
the-power-of-duplication-building-sustainable-wealth-through-multi-level-marketing,ORPHAN,MLM_SOFTWARE,359,14,LOW,Review for merge or redirect
tron-payment-gateway-revolutionizing-mlm-business-transactions,ORPHAN,MLM_SOFTWARE,389,1,LOW,Review for merge or redirect
unleashing-your-potential-how-multi-level-marketing-can-propel-your-entrepreneurial-journey,ORPHAN,MLM_SOFTWARE,331,6,LOW,Review for merge or redirect
