ID,Service Name,Category,EifaSoft URL,GitLab URL,Status - GitLab,DA Score,Date Created,Last Checked,Notes
1,Website Designing & Development,01 Core Services,https://www.eifasoft.com/website-designing-and-development-company,https://gitlab.com/eifasoft-technologies/website-designing-and-development-company,⏳ Pending,95+,2026-03-22,2026-03-22,
2,Mobile App Development,01 Core Services,https://www.eifasoft.com/mobile-app-development-company,https://gitlab.com/eifasoft-technologies/mobile-app-development-company,⏳ Pending,95+,2026-03-22,2026-03-22,
3,Software Development,01 Core Services,https://www.eifasoft.com/software-development-company,https://gitlab.com/eifasoft-technologies/software-development-company,⏳ Pending,95+,2026-03-22,2026-03-22,
4,MLM Software Development,01 Core Services,https://www.eifasoft.com/mlm-software-development-company,https://gitlab.com/eifasoft-technologies/mlm-software-development-company,⏳ Pending,95+,2026-03-22,2026-03-22,
5,Digital Marketing,01 Core Services,https://www.eifasoft.com/digital-marketing-services,https://gitlab.com/eifasoft-technologies/digital-marketing-services,⏳ Pending,95+,2026-03-22,2026-03-22,
6,E-commerce Development,01 Core Services,https://www.eifasoft.com/e-commerce-development-company,https://gitlab.com/eifasoft-technologies/e-commerce-development-company,⏳ Pending,95+,2026-03-22,2026-03-22,
7,Accounting Software,01 Core Services,https://www.eifasoft.com/accounting-software,https://gitlab.com/eifasoft-technologies/accounting-software,⏳ Pending,95+,2026-03-22,2026-03-22,
8,Coaching Management Software,01 Core Services,https://www.eifasoft.com/coaching-management-software,https://gitlab.com/eifasoft-technologies/coaching-management-software,⏳ Pending,95+,2026-03-22,2026-03-22,
9,Hospital Management Software,01 Core Services,https://www.eifasoft.com/hospital-management-software,https://gitlab.com/eifasoft-technologies/hospital-management-software,⏳ Pending,95+,2026-03-22,2026-03-22,
10,Blockchain Development,01 Core Services,https://www.eifasoft.com/blockchain-development-company,https://gitlab.com/eifasoft-technologies/blockchain-development-company,⏳ Pending,95+,2026-03-22,2026-03-22,
11,DApp Development,01 Core Services,https://www.eifasoft.com/dapp-development-services,https://gitlab.com/eifasoft-technologies/dapp-development-services,⏳ Pending,95+,2026-03-22,2026-03-22,
12,Flutter App Development,01 Core Services,https://www.eifasoft.com/flutter-app-development-company,https://gitlab.com/eifasoft-technologies/flutter-app-development-company,⏳ Pending,95+,2026-03-22,2026-03-22,
13,AI Services,01 Core Services,https://www.eifasoft.com/ai-services,https://gitlab.com/eifasoft-technologies/ai-services,⏳ Pending,95+,2026-03-22,2026-03-22,
14,Crypto Exchange Development,01 Core Services,https://www.eifasoft.com/crypto-currency-exchange-development-company,https://gitlab.com/eifasoft-technologies/crypto-currency-exchange-development-company,⏳ Pending,95+,2026-03-22,2026-03-22,
15,MLM Binary Plan,02 Mlm Specialized Plans,https://www.eifasoft.com/binary-plan-mlm-software,https://gitlab.com/eifasoft-technologies/binary-plan-mlm-software,⏳ Pending,95+,2026-03-22,2026-03-22,
16,MLM Matrix Plan,02 Mlm Specialized Plans,https://www.eifasoft.com/matrix-plan-mlm-software,https://gitlab.com/eifasoft-technologies/matrix-plan-mlm-software,⏳ Pending,95+,2026-03-22,2026-03-22,
17,MLM Unilevel Plan,02 Mlm Specialized Plans,https://www.eifasoft.com/unilevel-plan-mlm-software,https://gitlab.com/eifasoft-technologies/unilevel-plan-mlm-software,⏳ Pending,95+,2026-03-22,2026-03-22,
18,MLM Board Plan,02 Mlm Specialized Plans,https://www.eifasoft.com/board-plan-mlm-software,https://gitlab.com/eifasoft-technologies/board-plan-mlm-software,⏳ Pending,95+,2026-03-22,2026-03-22,
19,MLM Generation Plan,02 Mlm Specialized Plans,https://www.eifasoft.com/generation-plan-mlm-software,https://gitlab.com/eifasoft-technologies/generation-plan-mlm-software,⏳ Pending,95+,2026-03-22,2026-03-22,
20,MLM Hybrid Plan,02 Mlm Specialized Plans,https://www.eifasoft.com/hybrid-plan-mlm-software,https://gitlab.com/eifasoft-technologies/hybrid-plan-mlm-software,⏳ Pending,95+,2026-03-22,2026-03-22,
21,MLM Gift Plan,02 Mlm Specialized Plans,https://www.eifasoft.com/gift-plan-mlm-software,https://gitlab.com/eifasoft-technologies/gift-plan-mlm-software,⏳ Pending,95+,2026-03-22,2026-03-22,
22,MLM Helping Plan,02 Mlm Specialized Plans,https://www.eifasoft.com/helping-plan-mlm-software,https://gitlab.com/eifasoft-technologies/helping-plan-mlm-software,⏳ Pending,95+,2026-03-22,2026-03-22,
23,MLM Party Plan,02 Mlm Specialized Plans,https://www.eifasoft.com/party-plan-mlm-software,https://gitlab.com/eifasoft-technologies/party-plan-mlm-software,⏳ Pending,95+,2026-03-22,2026-03-22,
24,MLM Single Leg Plan,02 Mlm Specialized Plans,https://www.eifasoft.com/single-leg-plan-mlm-software,https://gitlab.com/eifasoft-technologies/single-leg-plan-mlm-software,⏳ Pending,95+,2026-03-22,2026-03-22,
25,MLM Stair Step Plan,02 Mlm Specialized Plans,https://www.eifasoft.com/stair-step-plan-mlm-software,https://gitlab.com/eifasoft-technologies/stair-step-plan-mlm-software,⏳ Pending,95+,2026-03-22,2026-03-22,
26,MLM Spillover Binary,02 Mlm Specialized Plans,https://www.eifasoft.com/spillover-binary-plan-mlm-software,https://gitlab.com/eifasoft-technologies/spillover-binary-plan-mlm-software,⏳ Pending,95+,2026-03-22,2026-03-22,
27,MLM Repurchase Plan,02 Mlm Specialized Plans,https://www.eifasoft.com/repurchase-plan-mlm-software,https://gitlab.com/eifasoft-technologies/repurchase-plan-mlm-software,⏳ Pending,95+,2026-03-22,2026-03-22,
28,MLM Mobile Recharge Plan,02 Mlm Specialized Plans,https://www.eifasoft.com/mobile-recharge-plan-mlm-software,https://gitlab.com/eifasoft-technologies/mobile-recharge-plan-mlm-software,⏳ Pending,95+,2026-03-22,2026-03-22,
29,MLM Investment Plan,02 Mlm Specialized Plans,https://www.eifasoft.com/investment-plan-mlm-software,https://gitlab.com/eifasoft-technologies/investment-plan-mlm-software,⏳ Pending,95+,2026-03-22,2026-03-22,
30,MLM ROI Plan,02 Mlm Specialized Plans,https://www.eifasoft.com/roi-plan-mlm-software,https://gitlab.com/eifasoft-technologies/roi-plan-mlm-software,⏳ Pending,95+,2026-03-22,2026-03-22,
31,MLM Donation Plan,02 Mlm Specialized Plans,https://www.eifasoft.com/donation-plan-mlm-software,https://gitlab.com/eifasoft-technologies/donation-plan-mlm-software,⏳ Pending,95+,2026-03-22,2026-03-22,
32,MLM Autopool Plan,02 Mlm Specialized Plans,https://www.eifasoft.com/autopool-plan-mlm-software,https://gitlab.com/eifasoft-technologies/autopool-plan-mlm-software,⏳ Pending,95+,2026-03-22,2026-03-22,
33,MLM Smart Contract,02 Mlm Specialized Plans,https://www.eifasoft.com/smart-contract-mlm-software,https://gitlab.com/eifasoft-technologies/smart-contract-mlm-software,⏳ Pending,95+,2026-03-22,2026-03-22,
34,MLM Cryptocurrency,02 Mlm Specialized Plans,https://www.eifasoft.com/cryptocurrency-mlm-software,https://gitlab.com/eifasoft-technologies/cryptocurrency-mlm-software,⏳ Pending,95+,2026-03-22,2026-03-22,
35,MLM TRON,02 Mlm Specialized Plans,https://www.eifasoft.com/tron-mlm-software,https://gitlab.com/eifasoft-technologies/tron-mlm-software,⏳ Pending,95+,2026-03-22,2026-03-22,
36,MLM Real Estate,02 Mlm Specialized Plans,https://www.eifasoft.com/real-estate-mlm-software,https://gitlab.com/eifasoft-technologies/real-estate-mlm-software,⏳ Pending,95+,2026-03-22,2026-03-22,
37,MLM Bucket Help,02 Mlm Specialized Plans,https://www.eifasoft.com/bucket-help-plan-mlm-software,https://gitlab.com/eifasoft-technologies/bucket-help-plan-mlm-software,⏳ Pending,95+,2026-03-22,2026-03-22,
38,MLM Australian X-Up,02 Mlm Specialized Plans,https://www.eifasoft.com/australian-x-up-plan-mlm-software,https://gitlab.com/eifasoft-technologies/australian-x-up-plan-mlm-software,⏳ Pending,95+,2026-03-22,2026-03-22,
39,MLM Bitcoin,02 Mlm Specialized Plans,https://www.eifasoft.com/bitcoin-mlm-software,https://gitlab.com/eifasoft-technologies/bitcoin-mlm-software,⏳ Pending,95+,2026-03-22,2026-03-22,
40,MLM 50-50 Crowdfunding,02 Mlm Specialized Plans,https://www.eifasoft.com/50-50-crowdfunding-mlm-software,https://gitlab.com/eifasoft-technologies/50-50-crowdfunding-mlm-software,⏳ Pending,95+,2026-03-22,2026-03-22,
41,MLM Mobius Loop,02 Mlm Specialized Plans,https://www.eifasoft.com/mobious-loop-mlm-software,https://gitlab.com/eifasoft-technologies/mobious-loop-mlm-software,⏳ Pending,95+,2026-03-22,2026-03-22,
42,Multi-Level Marketing App,02 Mlm Specialized Plans,https://www.eifasoft.com/multi-level-marketing-app,https://gitlab.com/eifasoft-technologies/multi-level-marketing-app,⏳ Pending,95+,2026-03-22,2026-03-22,
43,Multi-Level Marketing Platform,02 Mlm Specialized Plans,https://www.eifasoft.com/multi-level-marketing-platform,https://gitlab.com/eifasoft-technologies/multi-level-marketing-platform,⏳ Pending,95+,2026-03-22,2026-03-22,
44,Smart Contract Development,03 Blockchain Crypto,https://www.eifasoft.com/smart-contract-development,https://gitlab.com/eifasoft-technologies/smart-contract-development,⏳ Pending,95+,2026-03-22,2026-03-22,
45,Token Development,03 Blockchain Crypto,https://www.eifasoft.com/token-development-services,https://gitlab.com/eifasoft-technologies/token-development-services,⏳ Pending,95+,2026-03-22,2026-03-22,
46,DeFi Solutions,03 Blockchain Crypto,https://www.eifasoft.com/defi-solutions,https://gitlab.com/eifasoft-technologies/defi-solutions,⏳ Pending,95+,2026-03-22,2026-03-22,
47,NFT Marketplace,03 Blockchain Crypto,https://www.eifasoft.com/nft-marketplace-development,https://gitlab.com/eifasoft-technologies/nft-marketplace-development,⏳ Pending,95+,2026-03-22,2026-03-22,
48,Blockchain Consulting,03 Blockchain Crypto,https://www.eifasoft.com/blockchain-consulting,https://gitlab.com/eifasoft-technologies/blockchain-consulting,⏳ Pending,95+,2026-03-22,2026-03-22,
49,Web3 Development,03 Blockchain Crypto,https://www.eifasoft.com/web3-development-services,https://gitlab.com/eifasoft-technologies/web3-development-services,⏳ Pending,95+,2026-03-22,2026-03-22,
50,Custom AI Models,04 Ai Ml Services,https://www.eifasoft.com/custom-ai-models,https://gitlab.com/eifasoft-technologies/custom-ai-models,⏳ Pending,95+,2026-03-22,2026-03-22,
51,AI Agent Ecosystems,04 Ai Ml Services,https://www.eifasoft.com/ai-agent-ecosystems,https://gitlab.com/eifasoft-technologies/ai-agent-ecosystems,⏳ Pending,95+,2026-03-22,2026-03-22,
52,Generative AI,04 Ai Ml Services,https://www.eifasoft.com/generative-ai-solutions,https://gitlab.com/eifasoft-technologies/generative-ai-solutions,⏳ Pending,95+,2026-03-22,2026-03-22,
53,AI Consulting,04 Ai Ml Services,https://www.eifasoft.com/ai-consulting,https://gitlab.com/eifasoft-technologies/ai-consulting,⏳ Pending,95+,2026-03-22,2026-03-22,
54,Intelligent Automation,04 Ai Ml Services,https://www.eifasoft.com/intelligent-automation,https://gitlab.com/eifasoft-technologies/intelligent-automation,⏳ Pending,95+,2026-03-22,2026-03-22,
55,MLOps Services,04 Ai Ml Services,https://www.eifasoft.com/mlops-services,https://gitlab.com/eifasoft-technologies/mlops-services,⏳ Pending,95+,2026-03-22,2026-03-22,
56,NLP Solutions,04 Ai Ml Services,https://www.eifasoft.com/nlp-solutions,https://gitlab.com/eifasoft-technologies/nlp-solutions,⏳ Pending,95+,2026-03-22,2026-03-22,
57,Computer Vision,04 Ai Ml Services,https://www.eifasoft.com/computer-vision,https://gitlab.com/eifasoft-technologies/computer-vision,⏳ Pending,95+,2026-03-22,2026-03-22,
58,Predictive Analytics,04 Ai Ml Services,https://www.eifasoft.com/predictive-analytics,https://gitlab.com/eifasoft-technologies/predictive-analytics,⏳ Pending,95+,2026-03-22,2026-03-22,
59,DevOps Cloud Services,05 Devops Cloud,https://www.eifasoft.com/devops-cloud-services,https://gitlab.com/eifasoft-technologies/devops-cloud-services,⏳ Pending,95+,2026-03-22,2026-03-22,
60,API Development,05 Devops Cloud,https://www.eifasoft.com/api-development-services,https://gitlab.com/eifasoft-technologies/api-development-services,⏳ Pending,95+,2026-03-22,2026-03-22,
61,IT Consulting,05 Devops Cloud,https://www.eifasoft.com/it-consulting,https://gitlab.com/eifasoft-technologies/it-consulting,⏳ Pending,95+,2026-03-22,2026-03-22,
62,Software Maintenance,05 Devops Cloud,https://www.eifasoft.com/software-maintenance-support,https://gitlab.com/eifasoft-technologies/software-maintenance-support,⏳ Pending,95+,2026-03-22,2026-03-22,
63,MLM Plan Comparison Tool,06 Tools Resources,https://www.eifasoft.com/mlm-plan-comparison,https://gitlab.com/eifasoft-technologies/mlm-plan-comparison,⏳ Pending,95+,2026-03-22,2026-03-22,
64,MLM Pricing Calculator,06 Tools Resources,https://www.eifasoft.com/mlm-pricing-calculator,https://gitlab.com/eifasoft-technologies/mlm-pricing-calculator,⏳ Pending,95+,2026-03-22,2026-03-22,
65,MLM ROI Estimator,06 Tools Resources,https://www.eifasoft.com/mlm-roi-estimator,https://gitlab.com/eifasoft-technologies/mlm-roi-estimator,⏳ Pending,95+,2026-03-22,2026-03-22,
66,Affordable MLM Software,06 Tools Resources,https://www.eifasoft.com/cheap-affordable-mlm-software,https://gitlab.com/eifasoft-technologies/cheap-affordable-mlm-software,⏳ Pending,95+,2026-03-22,2026-03-22,
