ID,Service Name,Category,EifaSoft URL,GitHub URL,GitLab URL,GitBook URL,Medium URL,Dev.to URL,Bitbucket URL,Status - GitHub,Status - GitLab,Status - GitBook,Status - Medium,Status - Dev.to,Status - Bitbucket,DA Score,Backlink Type,Date Created,Last Checked,Notes
1,Website Designing & Development,01 Core Services,https://www.eifasoft.com/website-designing-and-development-company,https://github.com/eifasoft-technologies/open-source-guides/blob/main/01-core-services/website-designing-and-development-company/README.md,https://gitlab.com/eifasoft-technologies/website-designing-and-development-company,https://eifasoft.gitbook.io/docs/01-core-services/website-designing-and-development-company,https://medium.com/eifasoft-technologies/website-designing-and-development-company,https://dev.to/eifasoft/website-designing-and-development-company,https://bitbucket.org/eifasoft-technologies/website-designing-and-development-company,✅ Live,⏳ Pending,⏳ Pending,⏳ Pending,⏳ Pending,⏳ Pending,95+,Do-Follow,2026-03-22,2026-03-22,
2,Mobile App Development,01 Core Services,https://www.eifasoft.com/mobile-app-development-company,https://github.com/eifasoft-technologies/open-source-guides/blob/main/01-core-services/mobile-app-development-company/README.md,https://gitlab.com/eifasoft-technologies/mobile-app-development-company,https://eifasoft.gitbook.io/docs/01-core-services/mobile-app-development-company,https://medium.com/eifasoft-technologies/mobile-app-development-company,https://dev.to/eifasoft/mobile-app-development-company,https://bitbucket.org/eifasoft-technologies/mobile-app-development-company,✅ Live,⏳ Pending,⏳ Pending,⏳ Pending,⏳ Pending,⏳ Pending,95+,Do-Follow,2026-03-22,2026-03-22,
3,Software Development,01 Core Services,https://www.eifasoft.com/software-development-company,https://github.com/eifasoft-technologies/open-source-guides/blob/main/01-core-services/software-development-company/README.md,https://gitlab.com/eifasoft-technologies/software-development-company,https://eifasoft.gitbook.io/docs/01-core-services/software-development-company,https://medium.com/eifasoft-technologies/software-development-company,https://dev.to/eifasoft/software-development-company,https://bitbucket.org/eifasoft-technologies/software-development-company,✅ Live,⏳ Pending,⏳ Pending,⏳ Pending,⏳ Pending,⏳ Pending,95+,Do-Follow,2026-03-22,2026-03-22,
4,MLM Software Development,01 Core Services,https://www.eifasoft.com/mlm-software-development-company,https://github.com/eifasoft-technologies/open-source-guides/blob/main/01-core-services/mlm-software-development-company/README.md,https://gitlab.com/eifasoft-technologies/mlm-software-development-company,https://eifasoft.gitbook.io/docs/01-core-services/mlm-software-development-company,https://medium.com/eifasoft-technologies/mlm-software-development-company,https://dev.to/eifasoft/mlm-software-development-company,https://bitbucket.org/eifasoft-technologies/mlm-software-development-company,✅ Live,⏳ Pending,⏳ Pending,⏳ Pending,⏳ Pending,⏳ Pending,95+,Do-Follow,2026-03-22,2026-03-22,
5,Digital Marketing,01 Core Services,https://www.eifasoft.com/digital-marketing-services,https://github.com/eifasoft-technologies/open-source-guides/blob/main/01-core-services/digital-marketing-services/README.md,https://gitlab.com/eifasoft-technologies/digital-marketing-services,https://eifasoft.gitbook.io/docs/01-core-services/digital-marketing-services,https://medium.com/eifasoft-technologies/digital-marketing-services,https://dev.to/eifasoft/digital-marketing-services,https://bitbucket.org/eifasoft-technologies/digital-marketing-services,✅ Live,⏳ Pending,⏳ Pending,⏳ Pending,⏳ Pending,⏳ Pending,95+,Do-Follow,2026-03-22,2026-03-22,
6,E-commerce Development,01 Core Services,https://www.eifasoft.com/e-commerce-development-company,https://github.com/eifasoft-technologies/open-source-guides/blob/main/01-core-services/e-commerce-development-company/README.md,https://gitlab.com/eifasoft-technologies/e-commerce-development-company,https://eifasoft.gitbook.io/docs/01-core-services/e-commerce-development-company,https://medium.com/eifasoft-technologies/e-commerce-development-company,https://dev.to/eifasoft/e-commerce-development-company,https://bitbucket.org/eifasoft-technologies/e-commerce-development-company,✅ Live,⏳ Pending,⏳ Pending,⏳ Pending,⏳ Pending,⏳ Pending,95+,Do-Follow,2026-03-22,2026-03-22,
7,Accounting Software,01 Core Services,https://www.eifasoft.com/accounting-software,https://github.com/eifasoft-technologies/open-source-guides/blob/main/01-core-services/accounting-software/README.md,https://gitlab.com/eifasoft-technologies/accounting-software,https://eifasoft.gitbook.io/docs/01-core-services/accounting-software,https://medium.com/eifasoft-technologies/accounting-software,https://dev.to/eifasoft/accounting-software,https://bitbucket.org/eifasoft-technologies/accounting-software,✅ Live,⏳ Pending,⏳ Pending,⏳ Pending,⏳ Pending,⏳ Pending,95+,Do-Follow,2026-03-22,2026-03-22,
8,Coaching Management Software,01 Core Services,https://www.eifasoft.com/coaching-management-software,https://github.com/eifasoft-technologies/open-source-guides/blob/main/01-core-services/coaching-management-software/README.md,https://gitlab.com/eifasoft-technologies/coaching-management-software,https://eifasoft.gitbook.io/docs/01-core-services/coaching-management-software,https://medium.com/eifasoft-technologies/coaching-management-software,https://dev.to/eifasoft/coaching-management-software,https://bitbucket.org/eifasoft-technologies/coaching-management-software,✅ Live,⏳ Pending,⏳ Pending,⏳ Pending,⏳ Pending,⏳ Pending,95+,Do-Follow,2026-03-22,2026-03-22,
9,Hospital Management Software,01 Core Services,https://www.eifasoft.com/hospital-management-software,https://github.com/eifasoft-technologies/open-source-guides/blob/main/01-core-services/hospital-management-software/README.md,https://gitlab.com/eifasoft-technologies/hospital-management-software,https://eifasoft.gitbook.io/docs/01-core-services/hospital-management-software,https://medium.com/eifasoft-technologies/hospital-management-software,https://dev.to/eifasoft/hospital-management-software,https://bitbucket.org/eifasoft-technologies/hospital-management-software,✅ Live,⏳ Pending,⏳ Pending,⏳ Pending,⏳ Pending,⏳ Pending,95+,Do-Follow,2026-03-22,2026-03-22,
10,Blockchain Development,01 Core Services,https://www.eifasoft.com/blockchain-development-company,https://github.com/eifasoft-technologies/open-source-guides/blob/main/01-core-services/blockchain-development-company/README.md,https://gitlab.com/eifasoft-technologies/blockchain-development-company,https://eifasoft.gitbook.io/docs/01-core-services/blockchain-development-company,https://medium.com/eifasoft-technologies/blockchain-development-company,https://dev.to/eifasoft/blockchain-development-company,https://bitbucket.org/eifasoft-technologies/blockchain-development-company,✅ Live,⏳ Pending,⏳ Pending,⏳ Pending,⏳ Pending,⏳ Pending,95+,Do-Follow,2026-03-22,2026-03-22,
11,DApp Development,01 Core Services,https://www.eifasoft.com/dapp-development-services,https://github.com/eifasoft-technologies/open-source-guides/blob/main/01-core-services/dapp-development-services/README.md,https://gitlab.com/eifasoft-technologies/dapp-development-services,https://eifasoft.gitbook.io/docs/01-core-services/dapp-development-services,https://medium.com/eifasoft-technologies/dapp-development-services,https://dev.to/eifasoft/dapp-development-services,https://bitbucket.org/eifasoft-technologies/dapp-development-services,✅ Live,⏳ Pending,⏳ Pending,⏳ Pending,⏳ Pending,⏳ Pending,95+,Do-Follow,2026-03-22,2026-03-22,
12,Flutter App Development,01 Core Services,https://www.eifasoft.com/flutter-app-development-company,https://github.com/eifasoft-technologies/open-source-guides/blob/main/01-core-services/flutter-app-development-company/README.md,https://gitlab.com/eifasoft-technologies/flutter-app-development-company,https://eifasoft.gitbook.io/docs/01-core-services/flutter-app-development-company,https://medium.com/eifasoft-technologies/flutter-app-development-company,https://dev.to/eifasoft/flutter-app-development-company,https://bitbucket.org/eifasoft-technologies/flutter-app-development-company,✅ Live,⏳ Pending,⏳ Pending,⏳ Pending,⏳ Pending,⏳ Pending,95+,Do-Follow,2026-03-22,2026-03-22,
13,AI Services,01 Core Services,https://www.eifasoft.com/ai-services,https://github.com/eifasoft-technologies/open-source-guides/blob/main/01-core-services/ai-services/README.md,https://gitlab.com/eifasoft-technologies/ai-services,https://eifasoft.gitbook.io/docs/01-core-services/ai-services,https://medium.com/eifasoft-technologies/ai-services,https://dev.to/eifasoft/ai-services,https://bitbucket.org/eifasoft-technologies/ai-services,✅ Live,⏳ Pending,⏳ Pending,⏳ Pending,⏳ Pending,⏳ Pending,95+,Do-Follow,2026-03-22,2026-03-22,
14,Crypto Exchange Development,01 Core Services,https://www.eifasoft.com/crypto-currency-exchange-development-company,https://github.com/eifasoft-technologies/open-source-guides/blob/main/01-core-services/crypto-currency-exchange-development-company/README.md,https://gitlab.com/eifasoft-technologies/crypto-currency-exchange-development-company,https://eifasoft.gitbook.io/docs/01-core-services/crypto-currency-exchange-development-company,https://medium.com/eifasoft-technologies/crypto-currency-exchange-development-company,https://dev.to/eifasoft/crypto-currency-exchange-development-company,https://bitbucket.org/eifasoft-technologies/crypto-currency-exchange-development-company,✅ Live,⏳ Pending,⏳ Pending,⏳ Pending,⏳ Pending,⏳ Pending,95+,Do-Follow,2026-03-22,2026-03-22,
15,MLM Binary Plan,02 Mlm Specialized Plans,https://www.eifasoft.com/binary-plan-mlm-software,https://github.com/eifasoft-technologies/open-source-guides/blob/main/02-mlm-specialized-plans/binary-plan-mlm-software/README.md,https://gitlab.com/eifasoft-technologies/binary-plan-mlm-software,https://eifasoft.gitbook.io/docs/02-mlm-specialized-plans/binary-plan-mlm-software,https://medium.com/eifasoft-technologies/binary-plan-mlm-software,https://dev.to/eifasoft/binary-plan-mlm-software,https://bitbucket.org/eifasoft-technologies/binary-plan-mlm-software,✅ Live,⏳ Pending,⏳ Pending,⏳ Pending,⏳ Pending,⏳ Pending,95+,Do-Follow,2026-03-22,2026-03-22,
16,MLM Matrix Plan,02 Mlm Specialized Plans,https://www.eifasoft.com/matrix-plan-mlm-software,https://github.com/eifasoft-technologies/open-source-guides/blob/main/02-mlm-specialized-plans/matrix-plan-mlm-software/README.md,https://gitlab.com/eifasoft-technologies/matrix-plan-mlm-software,https://eifasoft.gitbook.io/docs/02-mlm-specialized-plans/matrix-plan-mlm-software,https://medium.com/eifasoft-technologies/matrix-plan-mlm-software,https://dev.to/eifasoft/matrix-plan-mlm-software,https://bitbucket.org/eifasoft-technologies/matrix-plan-mlm-software,✅ Live,⏳ Pending,⏳ Pending,⏳ Pending,⏳ Pending,⏳ Pending,95+,Do-Follow,2026-03-22,2026-03-22,
17,MLM Unilevel Plan,02 Mlm Specialized Plans,https://www.eifasoft.com/unilevel-plan-mlm-software,https://github.com/eifasoft-technologies/open-source-guides/blob/main/02-mlm-specialized-plans/unilevel-plan-mlm-software/README.md,https://gitlab.com/eifasoft-technologies/unilevel-plan-mlm-software,https://eifasoft.gitbook.io/docs/02-mlm-specialized-plans/unilevel-plan-mlm-software,https://medium.com/eifasoft-technologies/unilevel-plan-mlm-software,https://dev.to/eifasoft/unilevel-plan-mlm-software,https://bitbucket.org/eifasoft-technologies/unilevel-plan-mlm-software,✅ Live,⏳ Pending,⏳ Pending,⏳ Pending,⏳ Pending,⏳ Pending,95+,Do-Follow,2026-03-22,2026-03-22,
18,MLM Board Plan,02 Mlm Specialized Plans,https://www.eifasoft.com/board-plan-mlm-software,https://github.com/eifasoft-technologies/open-source-guides/blob/main/02-mlm-specialized-plans/board-plan-mlm-software/README.md,https://gitlab.com/eifasoft-technologies/board-plan-mlm-software,https://eifasoft.gitbook.io/docs/02-mlm-specialized-plans/board-plan-mlm-software,https://medium.com/eifasoft-technologies/board-plan-mlm-software,https://dev.to/eifasoft/board-plan-mlm-software,https://bitbucket.org/eifasoft-technologies/board-plan-mlm-software,✅ Live,⏳ Pending,⏳ Pending,⏳ Pending,⏳ Pending,⏳ Pending,95+,Do-Follow,2026-03-22,2026-03-22,
19,MLM Generation Plan,02 Mlm Specialized Plans,https://www.eifasoft.com/generation-plan-mlm-software,https://github.com/eifasoft-technologies/open-source-guides/blob/main/02-mlm-specialized-plans/generation-plan-mlm-software/README.md,https://gitlab.com/eifasoft-technologies/generation-plan-mlm-software,https://eifasoft.gitbook.io/docs/02-mlm-specialized-plans/generation-plan-mlm-software,https://medium.com/eifasoft-technologies/generation-plan-mlm-software,https://dev.to/eifasoft/generation-plan-mlm-software,https://bitbucket.org/eifasoft-technologies/generation-plan-mlm-software,✅ Live,⏳ Pending,⏳ Pending,⏳ Pending,⏳ Pending,⏳ Pending,95+,Do-Follow,2026-03-22,2026-03-22,
20,MLM Hybrid Plan,02 Mlm Specialized Plans,https://www.eifasoft.com/hybrid-plan-mlm-software,https://github.com/eifasoft-technologies/open-source-guides/blob/main/02-mlm-specialized-plans/hybrid-plan-mlm-software/README.md,https://gitlab.com/eifasoft-technologies/hybrid-plan-mlm-software,https://eifasoft.gitbook.io/docs/02-mlm-specialized-plans/hybrid-plan-mlm-software,https://medium.com/eifasoft-technologies/hybrid-plan-mlm-software,https://dev.to/eifasoft/hybrid-plan-mlm-software,https://bitbucket.org/eifasoft-technologies/hybrid-plan-mlm-software,✅ Live,⏳ Pending,⏳ Pending,⏳ Pending,⏳ Pending,⏳ Pending,95+,Do-Follow,2026-03-22,2026-03-22,
21,MLM Gift Plan,02 Mlm Specialized Plans,https://www.eifasoft.com/gift-plan-mlm-software,https://github.com/eifasoft-technologies/open-source-guides/blob/main/02-mlm-specialized-plans/gift-plan-mlm-software/README.md,https://gitlab.com/eifasoft-technologies/gift-plan-mlm-software,https://eifasoft.gitbook.io/docs/02-mlm-specialized-plans/gift-plan-mlm-software,https://medium.com/eifasoft-technologies/gift-plan-mlm-software,https://dev.to/eifasoft/gift-plan-mlm-software,https://bitbucket.org/eifasoft-technologies/gift-plan-mlm-software,✅ Live,⏳ Pending,⏳ Pending,⏳ Pending,⏳ Pending,⏳ Pending,95+,Do-Follow,2026-03-22,2026-03-22,
22,MLM Helping Plan,02 Mlm Specialized Plans,https://www.eifasoft.com/helping-plan-mlm-software,https://github.com/eifasoft-technologies/open-source-guides/blob/main/02-mlm-specialized-plans/helping-plan-mlm-software/README.md,https://gitlab.com/eifasoft-technologies/helping-plan-mlm-software,https://eifasoft.gitbook.io/docs/02-mlm-specialized-plans/helping-plan-mlm-software,https://medium.com/eifasoft-technologies/helping-plan-mlm-software,https://dev.to/eifasoft/helping-plan-mlm-software,https://bitbucket.org/eifasoft-technologies/helping-plan-mlm-software,✅ Live,⏳ Pending,⏳ Pending,⏳ Pending,⏳ Pending,⏳ Pending,95+,Do-Follow,2026-03-22,2026-03-22,
23,MLM Party Plan,02 Mlm Specialized Plans,https://www.eifasoft.com/party-plan-mlm-software,https://github.com/eifasoft-technologies/open-source-guides/blob/main/02-mlm-specialized-plans/party-plan-mlm-software/README.md,https://gitlab.com/eifasoft-technologies/party-plan-mlm-software,https://eifasoft.gitbook.io/docs/02-mlm-specialized-plans/party-plan-mlm-software,https://medium.com/eifasoft-technologies/party-plan-mlm-software,https://dev.to/eifasoft/party-plan-mlm-software,https://bitbucket.org/eifasoft-technologies/party-plan-mlm-software,✅ Live,⏳ Pending,⏳ Pending,⏳ Pending,⏳ Pending,⏳ Pending,95+,Do-Follow,2026-03-22,2026-03-22,
24,MLM Single Leg Plan,02 Mlm Specialized Plans,https://www.eifasoft.com/single-leg-plan-mlm-software,https://github.com/eifasoft-technologies/open-source-guides/blob/main/02-mlm-specialized-plans/single-leg-plan-mlm-software/README.md,https://gitlab.com/eifasoft-technologies/single-leg-plan-mlm-software,https://eifasoft.gitbook.io/docs/02-mlm-specialized-plans/single-leg-plan-mlm-software,https://medium.com/eifasoft-technologies/single-leg-plan-mlm-software,https://dev.to/eifasoft/single-leg-plan-mlm-software,https://bitbucket.org/eifasoft-technologies/single-leg-plan-mlm-software,✅ Live,⏳ Pending,⏳ Pending,⏳ Pending,⏳ Pending,⏳ Pending,95+,Do-Follow,2026-03-22,2026-03-22,
25,MLM Stair Step Plan,02 Mlm Specialized Plans,https://www.eifasoft.com/stair-step-plan-mlm-software,https://github.com/eifasoft-technologies/open-source-guides/blob/main/02-mlm-specialized-plans/stair-step-plan-mlm-software/README.md,https://gitlab.com/eifasoft-technologies/stair-step-plan-mlm-software,https://eifasoft.gitbook.io/docs/02-mlm-specialized-plans/stair-step-plan-mlm-software,https://medium.com/eifasoft-technologies/stair-step-plan-mlm-software,https://dev.to/eifasoft/stair-step-plan-mlm-software,https://bitbucket.org/eifasoft-technologies/stair-step-plan-mlm-software,✅ Live,⏳ Pending,⏳ Pending,⏳ Pending,⏳ Pending,⏳ Pending,95+,Do-Follow,2026-03-22,2026-03-22,
26,MLM Spillover Binary,02 Mlm Specialized Plans,https://www.eifasoft.com/spillover-binary-plan-mlm-software,https://github.com/eifasoft-technologies/open-source-guides/blob/main/02-mlm-specialized-plans/spillover-binary-plan-mlm-software/README.md,https://gitlab.com/eifasoft-technologies/spillover-binary-plan-mlm-software,https://eifasoft.gitbook.io/docs/02-mlm-specialized-plans/spillover-binary-plan-mlm-software,https://medium.com/eifasoft-technologies/spillover-binary-plan-mlm-software,https://dev.to/eifasoft/spillover-binary-plan-mlm-software,https://bitbucket.org/eifasoft-technologies/spillover-binary-plan-mlm-software,✅ Live,⏳ Pending,⏳ Pending,⏳ Pending,⏳ Pending,⏳ Pending,95+,Do-Follow,2026-03-22,2026-03-22,
27,MLM Repurchase Plan,02 Mlm Specialized Plans,https://www.eifasoft.com/repurchase-plan-mlm-software,https://github.com/eifasoft-technologies/open-source-guides/blob/main/02-mlm-specialized-plans/repurchase-plan-mlm-software/README.md,https://gitlab.com/eifasoft-technologies/repurchase-plan-mlm-software,https://eifasoft.gitbook.io/docs/02-mlm-specialized-plans/repurchase-plan-mlm-software,https://medium.com/eifasoft-technologies/repurchase-plan-mlm-software,https://dev.to/eifasoft/repurchase-plan-mlm-software,https://bitbucket.org/eifasoft-technologies/repurchase-plan-mlm-software,✅ Live,⏳ Pending,⏳ Pending,⏳ Pending,⏳ Pending,⏳ Pending,95+,Do-Follow,2026-03-22,2026-03-22,
28,MLM Mobile Recharge Plan,02 Mlm Specialized Plans,https://www.eifasoft.com/mobile-recharge-plan-mlm-software,https://github.com/eifasoft-technologies/open-source-guides/blob/main/02-mlm-specialized-plans/mobile-recharge-plan-mlm-software/README.md,https://gitlab.com/eifasoft-technologies/mobile-recharge-plan-mlm-software,https://eifasoft.gitbook.io/docs/02-mlm-specialized-plans/mobile-recharge-plan-mlm-software,https://medium.com/eifasoft-technologies/mobile-recharge-plan-mlm-software,https://dev.to/eifasoft/mobile-recharge-plan-mlm-software,https://bitbucket.org/eifasoft-technologies/mobile-recharge-plan-mlm-software,✅ Live,⏳ Pending,⏳ Pending,⏳ Pending,⏳ Pending,⏳ Pending,95+,Do-Follow,2026-03-22,2026-03-22,
29,MLM Investment Plan,02 Mlm Specialized Plans,https://www.eifasoft.com/investment-plan-mlm-software,https://github.com/eifasoft-technologies/open-source-guides/blob/main/02-mlm-specialized-plans/investment-plan-mlm-software/README.md,https://gitlab.com/eifasoft-technologies/investment-plan-mlm-software,https://eifasoft.gitbook.io/docs/02-mlm-specialized-plans/investment-plan-mlm-software,https://medium.com/eifasoft-technologies/investment-plan-mlm-software,https://dev.to/eifasoft/investment-plan-mlm-software,https://bitbucket.org/eifasoft-technologies/investment-plan-mlm-software,✅ Live,⏳ Pending,⏳ Pending,⏳ Pending,⏳ Pending,⏳ Pending,95+,Do-Follow,2026-03-22,2026-03-22,
30,MLM ROI Plan,02 Mlm Specialized Plans,https://www.eifasoft.com/roi-plan-mlm-software,https://github.com/eifasoft-technologies/open-source-guides/blob/main/02-mlm-specialized-plans/roi-plan-mlm-software/README.md,https://gitlab.com/eifasoft-technologies/roi-plan-mlm-software,https://eifasoft.gitbook.io/docs/02-mlm-specialized-plans/roi-plan-mlm-software,https://medium.com/eifasoft-technologies/roi-plan-mlm-software,https://dev.to/eifasoft/roi-plan-mlm-software,https://bitbucket.org/eifasoft-technologies/roi-plan-mlm-software,✅ Live,⏳ Pending,⏳ Pending,⏳ Pending,⏳ Pending,⏳ Pending,95+,Do-Follow,2026-03-22,2026-03-22,
31,MLM Donation Plan,02 Mlm Specialized Plans,https://www.eifasoft.com/donation-plan-mlm-software,https://github.com/eifasoft-technologies/open-source-guides/blob/main/02-mlm-specialized-plans/donation-plan-mlm-software/README.md,https://gitlab.com/eifasoft-technologies/donation-plan-mlm-software,https://eifasoft.gitbook.io/docs/02-mlm-specialized-plans/donation-plan-mlm-software,https://medium.com/eifasoft-technologies/donation-plan-mlm-software,https://dev.to/eifasoft/donation-plan-mlm-software,https://bitbucket.org/eifasoft-technologies/donation-plan-mlm-software,✅ Live,⏳ Pending,⏳ Pending,⏳ Pending,⏳ Pending,⏳ Pending,95+,Do-Follow,2026-03-22,2026-03-22,
32,MLM Autopool Plan,02 Mlm Specialized Plans,https://www.eifasoft.com/autopool-plan-mlm-software,https://github.com/eifasoft-technologies/open-source-guides/blob/main/02-mlm-specialized-plans/autopool-plan-mlm-software/README.md,https://gitlab.com/eifasoft-technologies/autopool-plan-mlm-software,https://eifasoft.gitbook.io/docs/02-mlm-specialized-plans/autopool-plan-mlm-software,https://medium.com/eifasoft-technologies/autopool-plan-mlm-software,https://dev.to/eifasoft/autopool-plan-mlm-software,https://bitbucket.org/eifasoft-technologies/autopool-plan-mlm-software,✅ Live,⏳ Pending,⏳ Pending,⏳ Pending,⏳ Pending,⏳ Pending,95+,Do-Follow,2026-03-22,2026-03-22,
33,MLM Smart Contract,02 Mlm Specialized Plans,https://www.eifasoft.com/smart-contract-mlm-software,https://github.com/eifasoft-technologies/open-source-guides/blob/main/02-mlm-specialized-plans/smart-contract-mlm-software/README.md,https://gitlab.com/eifasoft-technologies/smart-contract-mlm-software,https://eifasoft.gitbook.io/docs/02-mlm-specialized-plans/smart-contract-mlm-software,https://medium.com/eifasoft-technologies/smart-contract-mlm-software,https://dev.to/eifasoft/smart-contract-mlm-software,https://bitbucket.org/eifasoft-technologies/smart-contract-mlm-software,✅ Live,⏳ Pending,⏳ Pending,⏳ Pending,⏳ Pending,⏳ Pending,95+,Do-Follow,2026-03-22,2026-03-22,
34,MLM Cryptocurrency,02 Mlm Specialized Plans,https://www.eifasoft.com/cryptocurrency-mlm-software,https://github.com/eifasoft-technologies/open-source-guides/blob/main/02-mlm-specialized-plans/cryptocurrency-mlm-software/README.md,https://gitlab.com/eifasoft-technologies/cryptocurrency-mlm-software,https://eifasoft.gitbook.io/docs/02-mlm-specialized-plans/cryptocurrency-mlm-software,https://medium.com/eifasoft-technologies/cryptocurrency-mlm-software,https://dev.to/eifasoft/cryptocurrency-mlm-software,https://bitbucket.org/eifasoft-technologies/cryptocurrency-mlm-software,✅ Live,⏳ Pending,⏳ Pending,⏳ Pending,⏳ Pending,⏳ Pending,95+,Do-Follow,2026-03-22,2026-03-22,
35,MLM TRON,02 Mlm Specialized Plans,https://www.eifasoft.com/tron-mlm-software,https://github.com/eifasoft-technologies/open-source-guides/blob/main/02-mlm-specialized-plans/tron-mlm-software/README.md,https://gitlab.com/eifasoft-technologies/tron-mlm-software,https://eifasoft.gitbook.io/docs/02-mlm-specialized-plans/tron-mlm-software,https://medium.com/eifasoft-technologies/tron-mlm-software,https://dev.to/eifasoft/tron-mlm-software,https://bitbucket.org/eifasoft-technologies/tron-mlm-software,✅ Live,⏳ Pending,⏳ Pending,⏳ Pending,⏳ Pending,⏳ Pending,95+,Do-Follow,2026-03-22,2026-03-22,
36,MLM Real Estate,02 Mlm Specialized Plans,https://www.eifasoft.com/real-estate-mlm-software,https://github.com/eifasoft-technologies/open-source-guides/blob/main/02-mlm-specialized-plans/real-estate-mlm-software/README.md,https://gitlab.com/eifasoft-technologies/real-estate-mlm-software,https://eifasoft.gitbook.io/docs/02-mlm-specialized-plans/real-estate-mlm-software,https://medium.com/eifasoft-technologies/real-estate-mlm-software,https://dev.to/eifasoft/real-estate-mlm-software,https://bitbucket.org/eifasoft-technologies/real-estate-mlm-software,✅ Live,⏳ Pending,⏳ Pending,⏳ Pending,⏳ Pending,⏳ Pending,95+,Do-Follow,2026-03-22,2026-03-22,
37,MLM Bucket Help,02 Mlm Specialized Plans,https://www.eifasoft.com/bucket-help-plan-mlm-software,https://github.com/eifasoft-technologies/open-source-guides/blob/main/02-mlm-specialized-plans/bucket-help-plan-mlm-software/README.md,https://gitlab.com/eifasoft-technologies/bucket-help-plan-mlm-software,https://eifasoft.gitbook.io/docs/02-mlm-specialized-plans/bucket-help-plan-mlm-software,https://medium.com/eifasoft-technologies/bucket-help-plan-mlm-software,https://dev.to/eifasoft/bucket-help-plan-mlm-software,https://bitbucket.org/eifasoft-technologies/bucket-help-plan-mlm-software,✅ Live,⏳ Pending,⏳ Pending,⏳ Pending,⏳ Pending,⏳ Pending,95+,Do-Follow,2026-03-22,2026-03-22,
38,MLM Australian X-Up,02 Mlm Specialized Plans,https://www.eifasoft.com/australian-x-up-plan-mlm-software,https://github.com/eifasoft-technologies/open-source-guides/blob/main/02-mlm-specialized-plans/australian-x-up-plan-mlm-software/README.md,https://gitlab.com/eifasoft-technologies/australian-x-up-plan-mlm-software,https://eifasoft.gitbook.io/docs/02-mlm-specialized-plans/australian-x-up-plan-mlm-software,https://medium.com/eifasoft-technologies/australian-x-up-plan-mlm-software,https://dev.to/eifasoft/australian-x-up-plan-mlm-software,https://bitbucket.org/eifasoft-technologies/australian-x-up-plan-mlm-software,✅ Live,⏳ Pending,⏳ Pending,⏳ Pending,⏳ Pending,⏳ Pending,95+,Do-Follow,2026-03-22,2026-03-22,
39,MLM Bitcoin,02 Mlm Specialized Plans,https://www.eifasoft.com/bitcoin-mlm-software,https://github.com/eifasoft-technologies/open-source-guides/blob/main/02-mlm-specialized-plans/bitcoin-mlm-software/README.md,https://gitlab.com/eifasoft-technologies/bitcoin-mlm-software,https://eifasoft.gitbook.io/docs/02-mlm-specialized-plans/bitcoin-mlm-software,https://medium.com/eifasoft-technologies/bitcoin-mlm-software,https://dev.to/eifasoft/bitcoin-mlm-software,https://bitbucket.org/eifasoft-technologies/bitcoin-mlm-software,✅ Live,⏳ Pending,⏳ Pending,⏳ Pending,⏳ Pending,⏳ Pending,95+,Do-Follow,2026-03-22,2026-03-22,
40,MLM 50-50 Crowdfunding,02 Mlm Specialized Plans,https://www.eifasoft.com/50-50-crowdfunding-mlm-software,https://github.com/eifasoft-technologies/open-source-guides/blob/main/02-mlm-specialized-plans/50-50-crowdfunding-mlm-software/README.md,https://gitlab.com/eifasoft-technologies/50-50-crowdfunding-mlm-software,https://eifasoft.gitbook.io/docs/02-mlm-specialized-plans/50-50-crowdfunding-mlm-software,https://medium.com/eifasoft-technologies/50-50-crowdfunding-mlm-software,https://dev.to/eifasoft/50-50-crowdfunding-mlm-software,https://bitbucket.org/eifasoft-technologies/50-50-crowdfunding-mlm-software,✅ Live,⏳ Pending,⏳ Pending,⏳ Pending,⏳ Pending,⏳ Pending,95+,Do-Follow,2026-03-22,2026-03-22,
41,MLM Mobius Loop,02 Mlm Specialized Plans,https://www.eifasoft.com/mobious-loop-mlm-software,https://github.com/eifasoft-technologies/open-source-guides/blob/main/02-mlm-specialized-plans/mobious-loop-mlm-software/README.md,https://gitlab.com/eifasoft-technologies/mobious-loop-mlm-software,https://eifasoft.gitbook.io/docs/02-mlm-specialized-plans/mobious-loop-mlm-software,https://medium.com/eifasoft-technologies/mobious-loop-mlm-software,https://dev.to/eifasoft/mobious-loop-mlm-software,https://bitbucket.org/eifasoft-technologies/mobious-loop-mlm-software,✅ Live,⏳ Pending,⏳ Pending,⏳ Pending,⏳ Pending,⏳ Pending,95+,Do-Follow,2026-03-22,2026-03-22,
42,Multi-Level Marketing App,02 Mlm Specialized Plans,https://www.eifasoft.com/multi-level-marketing-app,https://github.com/eifasoft-technologies/open-source-guides/blob/main/02-mlm-specialized-plans/multi-level-marketing-app/README.md,https://gitlab.com/eifasoft-technologies/multi-level-marketing-app,https://eifasoft.gitbook.io/docs/02-mlm-specialized-plans/multi-level-marketing-app,https://medium.com/eifasoft-technologies/multi-level-marketing-app,https://dev.to/eifasoft/multi-level-marketing-app,https://bitbucket.org/eifasoft-technologies/multi-level-marketing-app,✅ Live,⏳ Pending,⏳ Pending,⏳ Pending,⏳ Pending,⏳ Pending,95+,Do-Follow,2026-03-22,2026-03-22,
43,Multi-Level Marketing Platform,02 Mlm Specialized Plans,https://www.eifasoft.com/multi-level-marketing-platform,https://github.com/eifasoft-technologies/open-source-guides/blob/main/02-mlm-specialized-plans/multi-level-marketing-platform/README.md,https://gitlab.com/eifasoft-technologies/multi-level-marketing-platform,https://eifasoft.gitbook.io/docs/02-mlm-specialized-plans/multi-level-marketing-platform,https://medium.com/eifasoft-technologies/multi-level-marketing-platform,https://dev.to/eifasoft/multi-level-marketing-platform,https://bitbucket.org/eifasoft-technologies/multi-level-marketing-platform,✅ Live,⏳ Pending,⏳ Pending,⏳ Pending,⏳ Pending,⏳ Pending,95+,Do-Follow,2026-03-22,2026-03-22,
44,Smart Contract Development,03 Blockchain Crypto,https://www.eifasoft.com/smart-contract-development,https://github.com/eifasoft-technologies/open-source-guides/blob/main/03-blockchain-crypto/smart-contract-development/README.md,https://gitlab.com/eifasoft-technologies/smart-contract-development,https://eifasoft.gitbook.io/docs/03-blockchain-crypto/smart-contract-development,https://medium.com/eifasoft-technologies/smart-contract-development,https://dev.to/eifasoft/smart-contract-development,https://bitbucket.org/eifasoft-technologies/smart-contract-development,✅ Live,⏳ Pending,⏳ Pending,⏳ Pending,⏳ Pending,⏳ Pending,95+,Do-Follow,2026-03-22,2026-03-22,
45,Token Development,03 Blockchain Crypto,https://www.eifasoft.com/token-development-services,https://github.com/eifasoft-technologies/open-source-guides/blob/main/03-blockchain-crypto/token-development-services/README.md,https://gitlab.com/eifasoft-technologies/token-development-services,https://eifasoft.gitbook.io/docs/03-blockchain-crypto/token-development-services,https://medium.com/eifasoft-technologies/token-development-services,https://dev.to/eifasoft/token-development-services,https://bitbucket.org/eifasoft-technologies/token-development-services,✅ Live,⏳ Pending,⏳ Pending,⏳ Pending,⏳ Pending,⏳ Pending,95+,Do-Follow,2026-03-22,2026-03-22,
46,DeFi Solutions,03 Blockchain Crypto,https://www.eifasoft.com/defi-solutions,https://github.com/eifasoft-technologies/open-source-guides/blob/main/03-blockchain-crypto/defi-solutions/README.md,https://gitlab.com/eifasoft-technologies/defi-solutions,https://eifasoft.gitbook.io/docs/03-blockchain-crypto/defi-solutions,https://medium.com/eifasoft-technologies/defi-solutions,https://dev.to/eifasoft/defi-solutions,https://bitbucket.org/eifasoft-technologies/defi-solutions,✅ Live,⏳ Pending,⏳ Pending,⏳ Pending,⏳ Pending,⏳ Pending,95+,Do-Follow,2026-03-22,2026-03-22,
47,NFT Marketplace,03 Blockchain Crypto,https://www.eifasoft.com/nft-marketplace-development,https://github.com/eifasoft-technologies/open-source-guides/blob/main/03-blockchain-crypto/nft-marketplace-development/README.md,https://gitlab.com/eifasoft-technologies/nft-marketplace-development,https://eifasoft.gitbook.io/docs/03-blockchain-crypto/nft-marketplace-development,https://medium.com/eifasoft-technologies/nft-marketplace-development,https://dev.to/eifasoft/nft-marketplace-development,https://bitbucket.org/eifasoft-technologies/nft-marketplace-development,✅ Live,⏳ Pending,⏳ Pending,⏳ Pending,⏳ Pending,⏳ Pending,95+,Do-Follow,2026-03-22,2026-03-22,
48,Blockchain Consulting,03 Blockchain Crypto,https://www.eifasoft.com/blockchain-consulting,https://github.com/eifasoft-technologies/open-source-guides/blob/main/03-blockchain-crypto/blockchain-consulting/README.md,https://gitlab.com/eifasoft-technologies/blockchain-consulting,https://eifasoft.gitbook.io/docs/03-blockchain-crypto/blockchain-consulting,https://medium.com/eifasoft-technologies/blockchain-consulting,https://dev.to/eifasoft/blockchain-consulting,https://bitbucket.org/eifasoft-technologies/blockchain-consulting,✅ Live,⏳ Pending,⏳ Pending,⏳ Pending,⏳ Pending,⏳ Pending,95+,Do-Follow,2026-03-22,2026-03-22,
49,Web3 Development,03 Blockchain Crypto,https://www.eifasoft.com/web3-development-services,https://github.com/eifasoft-technologies/open-source-guides/blob/main/03-blockchain-crypto/web3-development-services/README.md,https://gitlab.com/eifasoft-technologies/web3-development-services,https://eifasoft.gitbook.io/docs/03-blockchain-crypto/web3-development-services,https://medium.com/eifasoft-technologies/web3-development-services,https://dev.to/eifasoft/web3-development-services,https://bitbucket.org/eifasoft-technologies/web3-development-services,✅ Live,⏳ Pending,⏳ Pending,⏳ Pending,⏳ Pending,⏳ Pending,95+,Do-Follow,2026-03-22,2026-03-22,
50,Custom AI Models,04 Ai Ml Services,https://www.eifasoft.com/custom-ai-models,https://github.com/eifasoft-technologies/open-source-guides/blob/main/04-ai-ml-services/custom-ai-models/README.md,https://gitlab.com/eifasoft-technologies/custom-ai-models,https://eifasoft.gitbook.io/docs/04-ai-ml-services/custom-ai-models,https://medium.com/eifasoft-technologies/custom-ai-models,https://dev.to/eifasoft/custom-ai-models,https://bitbucket.org/eifasoft-technologies/custom-ai-models,✅ Live,⏳ Pending,⏳ Pending,⏳ Pending,⏳ Pending,⏳ Pending,95+,Do-Follow,2026-03-22,2026-03-22,
51,AI Agent Ecosystems,04 Ai Ml Services,https://www.eifasoft.com/ai-agent-ecosystems,https://github.com/eifasoft-technologies/open-source-guides/blob/main/04-ai-ml-services/ai-agent-ecosystems/README.md,https://gitlab.com/eifasoft-technologies/ai-agent-ecosystems,https://eifasoft.gitbook.io/docs/04-ai-ml-services/ai-agent-ecosystems,https://medium.com/eifasoft-technologies/ai-agent-ecosystems,https://dev.to/eifasoft/ai-agent-ecosystems,https://bitbucket.org/eifasoft-technologies/ai-agent-ecosystems,✅ Live,⏳ Pending,⏳ Pending,⏳ Pending,⏳ Pending,⏳ Pending,95+,Do-Follow,2026-03-22,2026-03-22,
52,Generative AI,04 Ai Ml Services,https://www.eifasoft.com/generative-ai-solutions,https://github.com/eifasoft-technologies/open-source-guides/blob/main/04-ai-ml-services/generative-ai-solutions/README.md,https://gitlab.com/eifasoft-technologies/generative-ai-solutions,https://eifasoft.gitbook.io/docs/04-ai-ml-services/generative-ai-solutions,https://medium.com/eifasoft-technologies/generative-ai-solutions,https://dev.to/eifasoft/generative-ai-solutions,https://bitbucket.org/eifasoft-technologies/generative-ai-solutions,✅ Live,⏳ Pending,⏳ Pending,⏳ Pending,⏳ Pending,⏳ Pending,95+,Do-Follow,2026-03-22,2026-03-22,
53,AI Consulting,04 Ai Ml Services,https://www.eifasoft.com/ai-consulting,https://github.com/eifasoft-technologies/open-source-guides/blob/main/04-ai-ml-services/ai-consulting/README.md,https://gitlab.com/eifasoft-technologies/ai-consulting,https://eifasoft.gitbook.io/docs/04-ai-ml-services/ai-consulting,https://medium.com/eifasoft-technologies/ai-consulting,https://dev.to/eifasoft/ai-consulting,https://bitbucket.org/eifasoft-technologies/ai-consulting,✅ Live,⏳ Pending,⏳ Pending,⏳ Pending,⏳ Pending,⏳ Pending,95+,Do-Follow,2026-03-22,2026-03-22,
54,Intelligent Automation,04 Ai Ml Services,https://www.eifasoft.com/intelligent-automation,https://github.com/eifasoft-technologies/open-source-guides/blob/main/04-ai-ml-services/intelligent-automation/README.md,https://gitlab.com/eifasoft-technologies/intelligent-automation,https://eifasoft.gitbook.io/docs/04-ai-ml-services/intelligent-automation,https://medium.com/eifasoft-technologies/intelligent-automation,https://dev.to/eifasoft/intelligent-automation,https://bitbucket.org/eifasoft-technologies/intelligent-automation,✅ Live,⏳ Pending,⏳ Pending,⏳ Pending,⏳ Pending,⏳ Pending,95+,Do-Follow,2026-03-22,2026-03-22,
55,MLOps Services,04 Ai Ml Services,https://www.eifasoft.com/mlops-services,https://github.com/eifasoft-technologies/open-source-guides/blob/main/04-ai-ml-services/mlops-services/README.md,https://gitlab.com/eifasoft-technologies/mlops-services,https://eifasoft.gitbook.io/docs/04-ai-ml-services/mlops-services,https://medium.com/eifasoft-technologies/mlops-services,https://dev.to/eifasoft/mlops-services,https://bitbucket.org/eifasoft-technologies/mlops-services,✅ Live,⏳ Pending,⏳ Pending,⏳ Pending,⏳ Pending,⏳ Pending,95+,Do-Follow,2026-03-22,2026-03-22,
56,NLP Solutions,04 Ai Ml Services,https://www.eifasoft.com/nlp-solutions,https://github.com/eifasoft-technologies/open-source-guides/blob/main/04-ai-ml-services/nlp-solutions/README.md,https://gitlab.com/eifasoft-technologies/nlp-solutions,https://eifasoft.gitbook.io/docs/04-ai-ml-services/nlp-solutions,https://medium.com/eifasoft-technologies/nlp-solutions,https://dev.to/eifasoft/nlp-solutions,https://bitbucket.org/eifasoft-technologies/nlp-solutions,✅ Live,⏳ Pending,⏳ Pending,⏳ Pending,⏳ Pending,⏳ Pending,95+,Do-Follow,2026-03-22,2026-03-22,
57,Computer Vision,04 Ai Ml Services,https://www.eifasoft.com/computer-vision,https://github.com/eifasoft-technologies/open-source-guides/blob/main/04-ai-ml-services/computer-vision/README.md,https://gitlab.com/eifasoft-technologies/computer-vision,https://eifasoft.gitbook.io/docs/04-ai-ml-services/computer-vision,https://medium.com/eifasoft-technologies/computer-vision,https://dev.to/eifasoft/computer-vision,https://bitbucket.org/eifasoft-technologies/computer-vision,✅ Live,⏳ Pending,⏳ Pending,⏳ Pending,⏳ Pending,⏳ Pending,95+,Do-Follow,2026-03-22,2026-03-22,
58,Predictive Analytics,04 Ai Ml Services,https://www.eifasoft.com/predictive-analytics,https://github.com/eifasoft-technologies/open-source-guides/blob/main/04-ai-ml-services/predictive-analytics/README.md,https://gitlab.com/eifasoft-technologies/predictive-analytics,https://eifasoft.gitbook.io/docs/04-ai-ml-services/predictive-analytics,https://medium.com/eifasoft-technologies/predictive-analytics,https://dev.to/eifasoft/predictive-analytics,https://bitbucket.org/eifasoft-technologies/predictive-analytics,✅ Live,⏳ Pending,⏳ Pending,⏳ Pending,⏳ Pending,⏳ Pending,95+,Do-Follow,2026-03-22,2026-03-22,
59,DevOps Cloud Services,05 Devops Cloud,https://www.eifasoft.com/devops-cloud-services,https://github.com/eifasoft-technologies/open-source-guides/blob/main/05-devops-cloud/devops-cloud-services/README.md,https://gitlab.com/eifasoft-technologies/devops-cloud-services,https://eifasoft.gitbook.io/docs/05-devops-cloud/devops-cloud-services,https://medium.com/eifasoft-technologies/devops-cloud-services,https://dev.to/eifasoft/devops-cloud-services,https://bitbucket.org/eifasoft-technologies/devops-cloud-services,✅ Live,⏳ Pending,⏳ Pending,⏳ Pending,⏳ Pending,⏳ Pending,95+,Do-Follow,2026-03-22,2026-03-22,
60,API Development,05 Devops Cloud,https://www.eifasoft.com/api-development-services,https://github.com/eifasoft-technologies/open-source-guides/blob/main/05-devops-cloud/api-development-services/README.md,https://gitlab.com/eifasoft-technologies/api-development-services,https://eifasoft.gitbook.io/docs/05-devops-cloud/api-development-services,https://medium.com/eifasoft-technologies/api-development-services,https://dev.to/eifasoft/api-development-services,https://bitbucket.org/eifasoft-technologies/api-development-services,✅ Live,⏳ Pending,⏳ Pending,⏳ Pending,⏳ Pending,⏳ Pending,95+,Do-Follow,2026-03-22,2026-03-22,
61,IT Consulting,05 Devops Cloud,https://www.eifasoft.com/it-consulting,https://github.com/eifasoft-technologies/open-source-guides/blob/main/05-devops-cloud/it-consulting/README.md,https://gitlab.com/eifasoft-technologies/it-consulting,https://eifasoft.gitbook.io/docs/05-devops-cloud/it-consulting,https://medium.com/eifasoft-technologies/it-consulting,https://dev.to/eifasoft/it-consulting,https://bitbucket.org/eifasoft-technologies/it-consulting,✅ Live,⏳ Pending,⏳ Pending,⏳ Pending,⏳ Pending,⏳ Pending,95+,Do-Follow,2026-03-22,2026-03-22,
62,Software Maintenance,05 Devops Cloud,https://www.eifasoft.com/software-maintenance-support,https://github.com/eifasoft-technologies/open-source-guides/blob/main/05-devops-cloud/software-maintenance-support/README.md,https://gitlab.com/eifasoft-technologies/software-maintenance-support,https://eifasoft.gitbook.io/docs/05-devops-cloud/software-maintenance-support,https://medium.com/eifasoft-technologies/software-maintenance-support,https://dev.to/eifasoft/software-maintenance-support,https://bitbucket.org/eifasoft-technologies/software-maintenance-support,✅ Live,⏳ Pending,⏳ Pending,⏳ Pending,⏳ Pending,⏳ Pending,95+,Do-Follow,2026-03-22,2026-03-22,
63,MLM Plan Comparison Tool,06 Tools Resources,https://www.eifasoft.com/mlm-plan-comparison,https://github.com/eifasoft-technologies/open-source-guides/blob/main/06-tools-resources/mlm-plan-comparison/README.md,https://gitlab.com/eifasoft-technologies/mlm-plan-comparison,https://eifasoft.gitbook.io/docs/06-tools-resources/mlm-plan-comparison,https://medium.com/eifasoft-technologies/mlm-plan-comparison,https://dev.to/eifasoft/mlm-plan-comparison,https://bitbucket.org/eifasoft-technologies/mlm-plan-comparison,✅ Live,⏳ Pending,⏳ Pending,⏳ Pending,⏳ Pending,⏳ Pending,95+,Do-Follow,2026-03-22,2026-03-22,
64,MLM Pricing Calculator,06 Tools Resources,https://www.eifasoft.com/mlm-pricing-calculator,https://github.com/eifasoft-technologies/open-source-guides/blob/main/06-tools-resources/mlm-pricing-calculator/README.md,https://gitlab.com/eifasoft-technologies/mlm-pricing-calculator,https://eifasoft.gitbook.io/docs/06-tools-resources/mlm-pricing-calculator,https://medium.com/eifasoft-technologies/mlm-pricing-calculator,https://dev.to/eifasoft/mlm-pricing-calculator,https://bitbucket.org/eifasoft-technologies/mlm-pricing-calculator,✅ Live,⏳ Pending,⏳ Pending,⏳ Pending,⏳ Pending,⏳ Pending,95+,Do-Follow,2026-03-22,2026-03-22,
65,MLM ROI Estimator,06 Tools Resources,https://www.eifasoft.com/mlm-roi-estimator,https://github.com/eifasoft-technologies/open-source-guides/blob/main/06-tools-resources/mlm-roi-estimator/README.md,https://gitlab.com/eifasoft-technologies/mlm-roi-estimator,https://eifasoft.gitbook.io/docs/06-tools-resources/mlm-roi-estimator,https://medium.com/eifasoft-technologies/mlm-roi-estimator,https://dev.to/eifasoft/mlm-roi-estimator,https://bitbucket.org/eifasoft-technologies/mlm-roi-estimator,✅ Live,⏳ Pending,⏳ Pending,⏳ Pending,⏳ Pending,⏳ Pending,95+,Do-Follow,2026-03-22,2026-03-22,
66,Affordable MLM Software,06 Tools Resources,https://www.eifasoft.com/cheap-affordable-mlm-software,https://github.com/eifasoft-technologies/open-source-guides/blob/main/06-tools-resources/cheap-affordable-mlm-software/README.md,https://gitlab.com/eifasoft-technologies/cheap-affordable-mlm-software,https://eifasoft.gitbook.io/docs/06-tools-resources/cheap-affordable-mlm-software,https://medium.com/eifasoft-technologies/cheap-affordable-mlm-software,https://dev.to/eifasoft/cheap-affordable-mlm-software,https://bitbucket.org/eifasoft-technologies/cheap-affordable-mlm-software,✅ Live,⏳ Pending,⏳ Pending,⏳ Pending,⏳ Pending,⏳ Pending,95+,Do-Follow,2026-03-22,2026-03-22,
