ID,Service Name,Category,EifaSoft URL,GitHub URL,Status - GitHub,DA Score,Date Created,Last Checked,Notes
1,Website Designing & Development,01 Core Services,https://www.eifasoft.com/website-designing-and-development-company,https://github.com/eifasoft-technologies/open-source-guides/blob/main/01-core-services/website-designing-and-development-company/README.md,✅ Live,95+,2026-03-22,2026-03-22,
2,Mobile App Development,01 Core Services,https://www.eifasoft.com/mobile-app-development-company,https://github.com/eifasoft-technologies/open-source-guides/blob/main/01-core-services/mobile-app-development-company/README.md,✅ Live,95+,2026-03-22,2026-03-22,
3,Software Development,01 Core Services,https://www.eifasoft.com/software-development-company,https://github.com/eifasoft-technologies/open-source-guides/blob/main/01-core-services/software-development-company/README.md,✅ Live,95+,2026-03-22,2026-03-22,
4,MLM Software Development,01 Core Services,https://www.eifasoft.com/mlm-software-development-company,https://github.com/eifasoft-technologies/open-source-guides/blob/main/01-core-services/mlm-software-development-company/README.md,✅ Live,95+,2026-03-22,2026-03-22,
5,Digital Marketing,01 Core Services,https://www.eifasoft.com/digital-marketing-services,https://github.com/eifasoft-technologies/open-source-guides/blob/main/01-core-services/digital-marketing-services/README.md,✅ Live,95+,2026-03-22,2026-03-22,
6,E-commerce Development,01 Core Services,https://www.eifasoft.com/e-commerce-development-company,https://github.com/eifasoft-technologies/open-source-guides/blob/main/01-core-services/e-commerce-development-company/README.md,✅ Live,95+,2026-03-22,2026-03-22,
7,Accounting Software,01 Core Services,https://www.eifasoft.com/accounting-software,https://github.com/eifasoft-technologies/open-source-guides/blob/main/01-core-services/accounting-software/README.md,✅ Live,95+,2026-03-22,2026-03-22,
8,Coaching Management Software,01 Core Services,https://www.eifasoft.com/coaching-management-software,https://github.com/eifasoft-technologies/open-source-guides/blob/main/01-core-services/coaching-management-software/README.md,✅ Live,95+,2026-03-22,2026-03-22,
9,Hospital Management Software,01 Core Services,https://www.eifasoft.com/hospital-management-software,https://github.com/eifasoft-technologies/open-source-guides/blob/main/01-core-services/hospital-management-software/README.md,✅ Live,95+,2026-03-22,2026-03-22,
10,Blockchain Development,01 Core Services,https://www.eifasoft.com/blockchain-development-company,https://github.com/eifasoft-technologies/open-source-guides/blob/main/01-core-services/blockchain-development-company/README.md,✅ Live,95+,2026-03-22,2026-03-22,
11,DApp Development,01 Core Services,https://www.eifasoft.com/dapp-development-services,https://github.com/eifasoft-technologies/open-source-guides/blob/main/01-core-services/dapp-development-services/README.md,✅ Live,95+,2026-03-22,2026-03-22,
12,Flutter App Development,01 Core Services,https://www.eifasoft.com/flutter-app-development-company,https://github.com/eifasoft-technologies/open-source-guides/blob/main/01-core-services/flutter-app-development-company/README.md,✅ Live,95+,2026-03-22,2026-03-22,
13,AI Services,01 Core Services,https://www.eifasoft.com/ai-services,https://github.com/eifasoft-technologies/open-source-guides/blob/main/01-core-services/ai-services/README.md,✅ Live,95+,2026-03-22,2026-03-22,
14,Crypto Exchange Development,01 Core Services,https://www.eifasoft.com/crypto-currency-exchange-development-company,https://github.com/eifasoft-technologies/open-source-guides/blob/main/01-core-services/crypto-currency-exchange-development-company/README.md,✅ Live,95+,2026-03-22,2026-03-22,
15,MLM Binary Plan,02 Mlm Specialized Plans,https://www.eifasoft.com/binary-plan-mlm-software,https://github.com/eifasoft-technologies/open-source-guides/blob/main/02-mlm-specialized-plans/binary-plan-mlm-software/README.md,✅ Live,95+,2026-03-22,2026-03-22,
16,MLM Matrix Plan,02 Mlm Specialized Plans,https://www.eifasoft.com/matrix-plan-mlm-software,https://github.com/eifasoft-technologies/open-source-guides/blob/main/02-mlm-specialized-plans/matrix-plan-mlm-software/README.md,✅ Live,95+,2026-03-22,2026-03-22,
17,MLM Unilevel Plan,02 Mlm Specialized Plans,https://www.eifasoft.com/unilevel-plan-mlm-software,https://github.com/eifasoft-technologies/open-source-guides/blob/main/02-mlm-specialized-plans/unilevel-plan-mlm-software/README.md,✅ Live,95+,2026-03-22,2026-03-22,
18,MLM Board Plan,02 Mlm Specialized Plans,https://www.eifasoft.com/board-plan-mlm-software,https://github.com/eifasoft-technologies/open-source-guides/blob/main/02-mlm-specialized-plans/board-plan-mlm-software/README.md,✅ Live,95+,2026-03-22,2026-03-22,
19,MLM Generation Plan,02 Mlm Specialized Plans,https://www.eifasoft.com/generation-plan-mlm-software,https://github.com/eifasoft-technologies/open-source-guides/blob/main/02-mlm-specialized-plans/generation-plan-mlm-software/README.md,✅ Live,95+,2026-03-22,2026-03-22,
20,MLM Hybrid Plan,02 Mlm Specialized Plans,https://www.eifasoft.com/hybrid-plan-mlm-software,https://github.com/eifasoft-technologies/open-source-guides/blob/main/02-mlm-specialized-plans/hybrid-plan-mlm-software/README.md,✅ Live,95+,2026-03-22,2026-03-22,
21,MLM Gift Plan,02 Mlm Specialized Plans,https://www.eifasoft.com/gift-plan-mlm-software,https://github.com/eifasoft-technologies/open-source-guides/blob/main/02-mlm-specialized-plans/gift-plan-mlm-software/README.md,✅ Live,95+,2026-03-22,2026-03-22,
22,MLM Helping Plan,02 Mlm Specialized Plans,https://www.eifasoft.com/helping-plan-mlm-software,https://github.com/eifasoft-technologies/open-source-guides/blob/main/02-mlm-specialized-plans/helping-plan-mlm-software/README.md,✅ Live,95+,2026-03-22,2026-03-22,
23,MLM Party Plan,02 Mlm Specialized Plans,https://www.eifasoft.com/party-plan-mlm-software,https://github.com/eifasoft-technologies/open-source-guides/blob/main/02-mlm-specialized-plans/party-plan-mlm-software/README.md,✅ Live,95+,2026-03-22,2026-03-22,
24,MLM Single Leg Plan,02 Mlm Specialized Plans,https://www.eifasoft.com/single-leg-plan-mlm-software,https://github.com/eifasoft-technologies/open-source-guides/blob/main/02-mlm-specialized-plans/single-leg-plan-mlm-software/README.md,✅ Live,95+,2026-03-22,2026-03-22,
25,MLM Stair Step Plan,02 Mlm Specialized Plans,https://www.eifasoft.com/stair-step-plan-mlm-software,https://github.com/eifasoft-technologies/open-source-guides/blob/main/02-mlm-specialized-plans/stair-step-plan-mlm-software/README.md,✅ Live,95+,2026-03-22,2026-03-22,
26,MLM Spillover Binary,02 Mlm Specialized Plans,https://www.eifasoft.com/spillover-binary-plan-mlm-software,https://github.com/eifasoft-technologies/open-source-guides/blob/main/02-mlm-specialized-plans/spillover-binary-plan-mlm-software/README.md,✅ Live,95+,2026-03-22,2026-03-22,
27,MLM Repurchase Plan,02 Mlm Specialized Plans,https://www.eifasoft.com/repurchase-plan-mlm-software,https://github.com/eifasoft-technologies/open-source-guides/blob/main/02-mlm-specialized-plans/repurchase-plan-mlm-software/README.md,✅ Live,95+,2026-03-22,2026-03-22,
28,MLM Mobile Recharge Plan,02 Mlm Specialized Plans,https://www.eifasoft.com/mobile-recharge-plan-mlm-software,https://github.com/eifasoft-technologies/open-source-guides/blob/main/02-mlm-specialized-plans/mobile-recharge-plan-mlm-software/README.md,✅ Live,95+,2026-03-22,2026-03-22,
29,MLM Investment Plan,02 Mlm Specialized Plans,https://www.eifasoft.com/investment-plan-mlm-software,https://github.com/eifasoft-technologies/open-source-guides/blob/main/02-mlm-specialized-plans/investment-plan-mlm-software/README.md,✅ Live,95+,2026-03-22,2026-03-22,
30,MLM ROI Plan,02 Mlm Specialized Plans,https://www.eifasoft.com/roi-plan-mlm-software,https://github.com/eifasoft-technologies/open-source-guides/blob/main/02-mlm-specialized-plans/roi-plan-mlm-software/README.md,✅ Live,95+,2026-03-22,2026-03-22,
31,MLM Donation Plan,02 Mlm Specialized Plans,https://www.eifasoft.com/donation-plan-mlm-software,https://github.com/eifasoft-technologies/open-source-guides/blob/main/02-mlm-specialized-plans/donation-plan-mlm-software/README.md,✅ Live,95+,2026-03-22,2026-03-22,
32,MLM Autopool Plan,02 Mlm Specialized Plans,https://www.eifasoft.com/autopool-plan-mlm-software,https://github.com/eifasoft-technologies/open-source-guides/blob/main/02-mlm-specialized-plans/autopool-plan-mlm-software/README.md,✅ Live,95+,2026-03-22,2026-03-22,
33,MLM Smart Contract,02 Mlm Specialized Plans,https://www.eifasoft.com/smart-contract-mlm-software,https://github.com/eifasoft-technologies/open-source-guides/blob/main/02-mlm-specialized-plans/smart-contract-mlm-software/README.md,✅ Live,95+,2026-03-22,2026-03-22,
34,MLM Cryptocurrency,02 Mlm Specialized Plans,https://www.eifasoft.com/cryptocurrency-mlm-software,https://github.com/eifasoft-technologies/open-source-guides/blob/main/02-mlm-specialized-plans/cryptocurrency-mlm-software/README.md,✅ Live,95+,2026-03-22,2026-03-22,
35,MLM TRON,02 Mlm Specialized Plans,https://www.eifasoft.com/tron-mlm-software,https://github.com/eifasoft-technologies/open-source-guides/blob/main/02-mlm-specialized-plans/tron-mlm-software/README.md,✅ Live,95+,2026-03-22,2026-03-22,
36,MLM Real Estate,02 Mlm Specialized Plans,https://www.eifasoft.com/real-estate-mlm-software,https://github.com/eifasoft-technologies/open-source-guides/blob/main/02-mlm-specialized-plans/real-estate-mlm-software/README.md,✅ Live,95+,2026-03-22,2026-03-22,
37,MLM Bucket Help,02 Mlm Specialized Plans,https://www.eifasoft.com/bucket-help-plan-mlm-software,https://github.com/eifasoft-technologies/open-source-guides/blob/main/02-mlm-specialized-plans/bucket-help-plan-mlm-software/README.md,✅ Live,95+,2026-03-22,2026-03-22,
38,MLM Australian X-Up,02 Mlm Specialized Plans,https://www.eifasoft.com/australian-x-up-plan-mlm-software,https://github.com/eifasoft-technologies/open-source-guides/blob/main/02-mlm-specialized-plans/australian-x-up-plan-mlm-software/README.md,✅ Live,95+,2026-03-22,2026-03-22,
39,MLM Bitcoin,02 Mlm Specialized Plans,https://www.eifasoft.com/bitcoin-mlm-software,https://github.com/eifasoft-technologies/open-source-guides/blob/main/02-mlm-specialized-plans/bitcoin-mlm-software/README.md,✅ Live,95+,2026-03-22,2026-03-22,
40,MLM 50-50 Crowdfunding,02 Mlm Specialized Plans,https://www.eifasoft.com/50-50-crowdfunding-mlm-software,https://github.com/eifasoft-technologies/open-source-guides/blob/main/02-mlm-specialized-plans/50-50-crowdfunding-mlm-software/README.md,✅ Live,95+,2026-03-22,2026-03-22,
41,MLM Mobius Loop,02 Mlm Specialized Plans,https://www.eifasoft.com/mobious-loop-mlm-software,https://github.com/eifasoft-technologies/open-source-guides/blob/main/02-mlm-specialized-plans/mobious-loop-mlm-software/README.md,✅ Live,95+,2026-03-22,2026-03-22,
42,Multi-Level Marketing App,02 Mlm Specialized Plans,https://www.eifasoft.com/multi-level-marketing-app,https://github.com/eifasoft-technologies/open-source-guides/blob/main/02-mlm-specialized-plans/multi-level-marketing-app/README.md,✅ Live,95+,2026-03-22,2026-03-22,
43,Multi-Level Marketing Platform,02 Mlm Specialized Plans,https://www.eifasoft.com/multi-level-marketing-platform,https://github.com/eifasoft-technologies/open-source-guides/blob/main/02-mlm-specialized-plans/multi-level-marketing-platform/README.md,✅ Live,95+,2026-03-22,2026-03-22,
44,Smart Contract Development,03 Blockchain Crypto,https://www.eifasoft.com/smart-contract-development,https://github.com/eifasoft-technologies/open-source-guides/blob/main/03-blockchain-crypto/smart-contract-development/README.md,✅ Live,95+,2026-03-22,2026-03-22,
45,Token Development,03 Blockchain Crypto,https://www.eifasoft.com/token-development-services,https://github.com/eifasoft-technologies/open-source-guides/blob/main/03-blockchain-crypto/token-development-services/README.md,✅ Live,95+,2026-03-22,2026-03-22,
46,DeFi Solutions,03 Blockchain Crypto,https://www.eifasoft.com/defi-solutions,https://github.com/eifasoft-technologies/open-source-guides/blob/main/03-blockchain-crypto/defi-solutions/README.md,✅ Live,95+,2026-03-22,2026-03-22,
47,NFT Marketplace,03 Blockchain Crypto,https://www.eifasoft.com/nft-marketplace-development,https://github.com/eifasoft-technologies/open-source-guides/blob/main/03-blockchain-crypto/nft-marketplace-development/README.md,✅ Live,95+,2026-03-22,2026-03-22,
48,Blockchain Consulting,03 Blockchain Crypto,https://www.eifasoft.com/blockchain-consulting,https://github.com/eifasoft-technologies/open-source-guides/blob/main/03-blockchain-crypto/blockchain-consulting/README.md,✅ Live,95+,2026-03-22,2026-03-22,
49,Web3 Development,03 Blockchain Crypto,https://www.eifasoft.com/web3-development-services,https://github.com/eifasoft-technologies/open-source-guides/blob/main/03-blockchain-crypto/web3-development-services/README.md,✅ Live,95+,2026-03-22,2026-03-22,
50,Custom AI Models,04 Ai Ml Services,https://www.eifasoft.com/custom-ai-models,https://github.com/eifasoft-technologies/open-source-guides/blob/main/04-ai-ml-services/custom-ai-models/README.md,✅ Live,95+,2026-03-22,2026-03-22,
51,AI Agent Ecosystems,04 Ai Ml Services,https://www.eifasoft.com/ai-agent-ecosystems,https://github.com/eifasoft-technologies/open-source-guides/blob/main/04-ai-ml-services/ai-agent-ecosystems/README.md,✅ Live,95+,2026-03-22,2026-03-22,
52,Generative AI,04 Ai Ml Services,https://www.eifasoft.com/generative-ai-solutions,https://github.com/eifasoft-technologies/open-source-guides/blob/main/04-ai-ml-services/generative-ai-solutions/README.md,✅ Live,95+,2026-03-22,2026-03-22,
53,AI Consulting,04 Ai Ml Services,https://www.eifasoft.com/ai-consulting,https://github.com/eifasoft-technologies/open-source-guides/blob/main/04-ai-ml-services/ai-consulting/README.md,✅ Live,95+,2026-03-22,2026-03-22,
54,Intelligent Automation,04 Ai Ml Services,https://www.eifasoft.com/intelligent-automation,https://github.com/eifasoft-technologies/open-source-guides/blob/main/04-ai-ml-services/intelligent-automation/README.md,✅ Live,95+,2026-03-22,2026-03-22,
55,MLOps Services,04 Ai Ml Services,https://www.eifasoft.com/mlops-services,https://github.com/eifasoft-technologies/open-source-guides/blob/main/04-ai-ml-services/mlops-services/README.md,✅ Live,95+,2026-03-22,2026-03-22,
56,NLP Solutions,04 Ai Ml Services,https://www.eifasoft.com/nlp-solutions,https://github.com/eifasoft-technologies/open-source-guides/blob/main/04-ai-ml-services/nlp-solutions/README.md,✅ Live,95+,2026-03-22,2026-03-22,
57,Computer Vision,04 Ai Ml Services,https://www.eifasoft.com/computer-vision,https://github.com/eifasoft-technologies/open-source-guides/blob/main/04-ai-ml-services/computer-vision/README.md,✅ Live,95+,2026-03-22,2026-03-22,
58,Predictive Analytics,04 Ai Ml Services,https://www.eifasoft.com/predictive-analytics,https://github.com/eifasoft-technologies/open-source-guides/blob/main/04-ai-ml-services/predictive-analytics/README.md,✅ Live,95+,2026-03-22,2026-03-22,
59,DevOps Cloud Services,05 Devops Cloud,https://www.eifasoft.com/devops-cloud-services,https://github.com/eifasoft-technologies/open-source-guides/blob/main/05-devops-cloud/devops-cloud-services/README.md,✅ Live,95+,2026-03-22,2026-03-22,
60,API Development,05 Devops Cloud,https://www.eifasoft.com/api-development-services,https://github.com/eifasoft-technologies/open-source-guides/blob/main/05-devops-cloud/api-development-services/README.md,✅ Live,95+,2026-03-22,2026-03-22,
61,IT Consulting,05 Devops Cloud,https://www.eifasoft.com/it-consulting,https://github.com/eifasoft-technologies/open-source-guides/blob/main/05-devops-cloud/it-consulting/README.md,✅ Live,95+,2026-03-22,2026-03-22,
62,Software Maintenance,05 Devops Cloud,https://www.eifasoft.com/software-maintenance-support,https://github.com/eifasoft-technologies/open-source-guides/blob/main/05-devops-cloud/software-maintenance-support/README.md,✅ Live,95+,2026-03-22,2026-03-22,
63,MLM Plan Comparison Tool,06 Tools Resources,https://www.eifasoft.com/mlm-plan-comparison,https://github.com/eifasoft-technologies/open-source-guides/blob/main/06-tools-resources/mlm-plan-comparison/README.md,✅ Live,95+,2026-03-22,2026-03-22,
64,MLM Pricing Calculator,06 Tools Resources,https://www.eifasoft.com/mlm-pricing-calculator,https://github.com/eifasoft-technologies/open-source-guides/blob/main/06-tools-resources/mlm-pricing-calculator/README.md,✅ Live,95+,2026-03-22,2026-03-22,
65,MLM ROI Estimator,06 Tools Resources,https://www.eifasoft.com/mlm-roi-estimator,https://github.com/eifasoft-technologies/open-source-guides/blob/main/06-tools-resources/mlm-roi-estimator/README.md,✅ Live,95+,2026-03-22,2026-03-22,
66,Affordable MLM Software,06 Tools Resources,https://www.eifasoft.com/cheap-affordable-mlm-software,https://github.com/eifasoft-technologies/open-source-guides/blob/main/06-tools-resources/cheap-affordable-mlm-software/README.md,✅ Live,95+,2026-03-22,2026-03-22,
